{
  "version": "1.9",
  "name": "ServiceNow (Flow Designer) v2 - Major Incident Workbench",
  "description": "OOTB ServiceNow workflows, with an additional canvas for incident tasks and incident communication tasks.",
  "isActive": true,
  "order": 0,
  "iconOverride": "/static/images/logos/SERVICE_NOW.png",
  "documentLink": "https://help.xmatters.com/integrations/#cshid=ServiceNowV2",
  "documentLabel": "ServiceNow (Flow Designer) v2 workflow guide",
  "originType": "SERVICE_NOW",
  "originVersion": 1,
  "productType": "XM"
}