{
  "name": "Engage with xMatters",
  "description": "Flow that will receive requests when this ‘Engage with xMatters’ action is run in ServiceNow.",
  "form": "8086d8cb-4227-4211-89bb-57b4415a2ba8",
  "blocks": [
    {
      "id": "9d1f81d0-9d28-462a-aba0-a102bef2092f",
      "endpoint": "ServiceNow",
      "label": "Add Task Comment",
      "environment": "HOSTED",
      "presentation": "{\"w\":100,\"x\":1100,\"h\":50,\"y\":1179}",
      "step": "665a0a87-4281-5b61-a68e-86d226577aad",
      "stepType": "SCRIPT_STEP",
      "inputMappings": [
        {
          "inputPort": "input",
          "mapping": "${1d36c3ad-029b-4283-9943-0ba80f32c9bc.Table Name}",
          "stepInput": "a5d45d61-6f2d-5561-bd2c-b2d8f31f0e2f"
        },
        {
          "inputPort": "input",
          "mapping": "${1d36c3ad-029b-4283-9943-0ba80f32c9bc.Record ID}",
          "stepInput": "5204e1a9-205e-5d2e-ac57-868ae8d0cd65"
        },
        {
          "inputPort": "input",
          "mapping": "true",
          "stepInput": "9fdc2c12-97de-5da9-8f6c-ba5e72918b93"
        },
        {
          "inputPort": "input",
          "mapping": "(Engage - ${c2091111-3dfa-4f0c-a848-df6d0300da15.alert.alertId}) [code]<b>${c2091111-3dfa-4f0c-a848-df6d0300da15.respondedTo.by.firstName} ${c2091111-3dfa-4f0c-a848-df6d0300da15.respondedTo.by.lastName} (${c2091111-3dfa-4f0c-a848-df6d0300da15.respondedTo.by.targetName})</b> responded: <b>${c2091111-3dfa-4f0c-a848-df6d0300da15.response.response}</b>[/code]",
          "stepInput": "8f20560c-148e-5431-abfe-bc948a577da9"
        }
      ]
    },
    {
      "id": "a78fbdc3-6d28-4e05-89e8-d366e9f899be",
      "endpoint": "ServiceNow",
      "label": "Add Task Comment",
      "environment": "HOSTED",
      "presentation": "{\"w\":100,\"x\":1540,\"h\":50,\"y\":1098}",
      "step": "665a0a87-4281-5b61-a68e-86d226577aad",
      "stepType": "SCRIPT_STEP",
      "inputMappings": [
        {
          "inputPort": "input",
          "mapping": "${1d36c3ad-029b-4283-9943-0ba80f32c9bc.Table Name}",
          "stepInput": "a5d45d61-6f2d-5561-bd2c-b2d8f31f0e2f"
        },
        {
          "inputPort": "input",
          "mapping": "${1d36c3ad-029b-4283-9943-0ba80f32c9bc.Record ID}",
          "stepInput": "5204e1a9-205e-5d2e-ac57-868ae8d0cd65"
        },
        {
          "inputPort": "input",
          "mapping": "true",
          "stepInput": "9fdc2c12-97de-5da9-8f6c-ba5e72918b93"
        },
        {
          "inputPort": "input",
          "mapping": "(Engage - ${4d7fc898-aa98-4610-9f2c-b70af1643657.alert.alertId}) [code]Engage notification to <b>${4d7fc898-aa98-4610-9f2c-b70af1643657.notification.recipient.owner.firstName} ${4d7fc898-aa98-4610-9f2c-b70af1643657.notification.recipient.owner.lastName} (${4d7fc898-aa98-4610-9f2c-b70af1643657.notification.recipient.owner.targetName})</b> on device '${4d7fc898-aa98-4610-9f2c-b70af1643657.notification.recipient.name}' status: <b>${4d7fc898-aa98-4610-9f2c-b70af1643657.notification.deliveryStatus}</b>[/code]",
          "stepInput": "8f20560c-148e-5431-abfe-bc948a577da9"
        }
      ]
    },
    {
      "id": "dea3d746-567b-45f1-a6e3-d71342893343",
      "endpoint": "ServiceNow",
      "label": "Add Task Comment",
      "environment": "HOSTED",
      "presentation": "{\"w\":100,\"x\":1540,\"h\":50,\"y\":726}",
      "step": "665a0a87-4281-5b61-a68e-86d226577aad",
      "stepType": "SCRIPT_STEP",
      "inputMappings": [
        {
          "inputPort": "input",
          "mapping": "${1d36c3ad-029b-4283-9943-0ba80f32c9bc.Table Name}",
          "stepInput": "a5d45d61-6f2d-5561-bd2c-b2d8f31f0e2f"
        },
        {
          "inputPort": "input",
          "mapping": "${1d36c3ad-029b-4283-9943-0ba80f32c9bc.Record ID}",
          "stepInput": "5204e1a9-205e-5d2e-ac57-868ae8d0cd65"
        },
        {
          "inputPort": "input",
          "mapping": "true",
          "stepInput": "9fdc2c12-97de-5da9-8f6c-ba5e72918b93"
        },
        {
          "inputPort": "input",
          "mapping": "(Engage - ${4d7fc898-aa98-4610-9f2c-b70af1643657.alert.alertId}) [code]<b>${4d7fc898-aa98-4610-9f2c-b70af1643657.respondedTo.by.firstName}  ${4d7fc898-aa98-4610-9f2c-b70af1643657.respondedTo.by.lastName} (${4d7fc898-aa98-4610-9f2c-b70af1643657.respondedTo.by.targetName})</b> responded: <b>${4d7fc898-aa98-4610-9f2c-b70af1643657.response.response}</b>[/code]",
          "stepInput": "8f20560c-148e-5431-abfe-bc948a577da9"
        }
      ]
    },
    {
      "id": "3260b539-6035-4f52-bd43-2b567ccc6537",
      "endpoint": "ServiceNow",
      "label": "Add Task Comment",
      "environment": "HOSTED",
      "presentation": "{\"w\":100,\"x\":1100,\"h\":50,\"y\":1551}",
      "step": "665a0a87-4281-5b61-a68e-86d226577aad",
      "stepType": "SCRIPT_STEP",
      "inputMappings": [
        {
          "inputPort": "input",
          "mapping": "${1d36c3ad-029b-4283-9943-0ba80f32c9bc.Table Name}",
          "stepInput": "a5d45d61-6f2d-5561-bd2c-b2d8f31f0e2f"
        },
        {
          "inputPort": "input",
          "mapping": "${1d36c3ad-029b-4283-9943-0ba80f32c9bc.Record ID}",
          "stepInput": "5204e1a9-205e-5d2e-ac57-868ae8d0cd65"
        },
        {
          "inputPort": "input",
          "mapping": "true",
          "stepInput": "9fdc2c12-97de-5da9-8f6c-ba5e72918b93"
        },
        {
          "inputPort": "input",
          "mapping": "(Engage - ${c2091111-3dfa-4f0c-a848-df6d0300da15.alert.alertId}) [code]Engage notification to <b>${c2091111-3dfa-4f0c-a848-df6d0300da15.notification.recipient.owner.firstName} ${c2091111-3dfa-4f0c-a848-df6d0300da15.notification.recipient.owner.lastName} (${c2091111-3dfa-4f0c-a848-df6d0300da15.notification.recipient.owner.targetName})</b> on device '${c2091111-3dfa-4f0c-a848-df6d0300da15.notification.recipient.name}' status: <b>${c2091111-3dfa-4f0c-a848-df6d0300da15.notification.deliveryStatus}</b>[/code]",
          "stepInput": "8f20560c-148e-5431-abfe-bc948a577da9"
        }
      ]
    },
    {
      "id": "630491e3-7aa6-4d0f-afbc-869ad536aa4b",
      "endpoint": "ServiceNow",
      "label": "Add Task Comment",
      "environment": "HOSTED",
      "presentation": "{\"w\":100,\"x\":1100,\"h\":50,\"y\":1384}",
      "step": "665a0a87-4281-5b61-a68e-86d226577aad",
      "stepType": "SCRIPT_STEP",
      "inputMappings": [
        {
          "inputPort": "input",
          "mapping": "${1d36c3ad-029b-4283-9943-0ba80f32c9bc.Table Name}",
          "stepInput": "a5d45d61-6f2d-5561-bd2c-b2d8f31f0e2f"
        },
        {
          "inputPort": "input",
          "mapping": "${1d36c3ad-029b-4283-9943-0ba80f32c9bc.Record ID}",
          "stepInput": "5204e1a9-205e-5d2e-ac57-868ae8d0cd65"
        },
        {
          "inputPort": "input",
          "mapping": "true",
          "stepInput": "9fdc2c12-97de-5da9-8f6c-ba5e72918b93"
        },
        {
          "inputPort": "input",
          "mapping": "(Engage - ${c2091111-3dfa-4f0c-a848-df6d0300da15.alert.alertId}) [code]<b>${c2091111-3dfa-4f0c-a848-df6d0300da15.annotation.author.firstName} ${c2091111-3dfa-4f0c-a848-df6d0300da15.annotation.author.lastName} (${c2091111-3dfa-4f0c-a848-df6d0300da15.annotation.author.targetName})</b> commented: <b>${c2091111-3dfa-4f0c-a848-df6d0300da15.annotation.comment}</b>[/code]",
          "stepInput": "8f20560c-148e-5431-abfe-bc948a577da9"
        }
      ]
    },
    {
      "id": "662a320c-3fe7-489c-8363-c3d713ee1f46",
      "endpoint": "ServiceNow",
      "label": "Add Task Comment",
      "environment": "HOSTED",
      "presentation": "{\"w\":100,\"x\":1540,\"h\":50,\"y\":931}",
      "step": "665a0a87-4281-5b61-a68e-86d226577aad",
      "stepType": "SCRIPT_STEP",
      "inputMappings": [
        {
          "inputPort": "input",
          "mapping": "${1d36c3ad-029b-4283-9943-0ba80f32c9bc.Table Name}",
          "stepInput": "a5d45d61-6f2d-5561-bd2c-b2d8f31f0e2f"
        },
        {
          "inputPort": "input",
          "mapping": "${1d36c3ad-029b-4283-9943-0ba80f32c9bc.Record ID}",
          "stepInput": "5204e1a9-205e-5d2e-ac57-868ae8d0cd65"
        },
        {
          "inputPort": "input",
          "mapping": "true",
          "stepInput": "9fdc2c12-97de-5da9-8f6c-ba5e72918b93"
        },
        {
          "inputPort": "input",
          "mapping": "(Engage - ${4d7fc898-aa98-4610-9f2c-b70af1643657.alert.alertId}) [code]<b>${4d7fc898-aa98-4610-9f2c-b70af1643657.annotation.author.firstName} ${4d7fc898-aa98-4610-9f2c-b70af1643657.annotation.author.lastName} (${4d7fc898-aa98-4610-9f2c-b70af1643657.annotation.author.targetName})</b> commented: <b>${4d7fc898-aa98-4610-9f2c-b70af1643657.annotation.comment}</b>[/code]",
          "stepInput": "8f20560c-148e-5431-abfe-bc948a577da9"
        }
      ]
    },
    {
      "id": "dad78198-2601-4b0d-ba57-fb771ffd4dc5",
      "label": "Condition",
      "environment": "HOSTED",
      "presentation": "{\"w\":100,\"x\":660,\"h\":50,\"y\":40}",
      "step": "2fd417b7-e709-5b91-ab83-4fbd9e7f8273",
      "stepType": "SCRIPT_STEP",
      "conditionPaths": [
        {
          "id": "87a5ff1e-58f7-4d50-a704-3a9a6e91ca4f",
          "name": "Create xMatters Bridge",
          "orderNum": 1,
          "config": "{\"sets\": [{\"connector\": \"OR\", \"conditions\": [{\"id\": \"8eb34f8e-d1d0-4eef-891f-49fac24967e7\", \"left\": \"${28b5ebe3-31a2-4cbb-82d8-1d6497b9fabe.conference.bridge.id}\", \"right\": \"\", \"operator\": \"IS_EMPTY\"}, {\"id\": \"faeb0c11-157c-4fc9-b971-4bdccb75679d\", \"left\": \"${28b5ebe3-31a2-4cbb-82d8-1d6497b9fabe.conference.bridge.id}\", \"right\": \"\", \"operator\": \"IS_NULL\"}]}], \"version\": 1, \"connector\": \"AND\", \"conditions\": [{\"id\": \"57032193-c6ce-4c46-997c-d6386be4fd53\", \"left\": \"${28b5ebe3-31a2-4cbb-82d8-1d6497b9fabe.conference.bridge.type}\", \"right\": \"BRIDGE\", \"operator\": \"EQUALS\"}]}"
        },
        {
          "id": "ca78dec5-78e8-4f28-93d2-8c04aae0c22b",
          "name": "External Bridge",
          "orderNum": 3,
          "config": "{\"sets\": [], \"version\": 1, \"connector\": \"AND\", \"conditions\": [{\"id\": \"2658f0a2-9464-43df-9336-77ff4e1efc11\", \"left\": \"${28b5ebe3-31a2-4cbb-82d8-1d6497b9fabe.conference.bridge.type}\", \"right\": \"EXTERNAL\", \"operator\": \"EQUALS\"}]}"
        },
        {
          "id": "3a0397ed-5c5f-4366-b36f-528c7f84bcf9",
          "name": "Existing xMatters Bridge",
          "orderNum": 2,
          "config": "{\"sets\": [], \"version\": 1, \"connector\": \"AND\", \"conditions\": [{\"id\": \"020af7b5-9d88-4dff-9dca-d2506bdab4dd\", \"left\": \"${28b5ebe3-31a2-4cbb-82d8-1d6497b9fabe.conference.bridge.type}\", \"right\": \"BRIDGE\", \"operator\": \"EQUALS\"}, {\"id\": \"12523deb-3806-4364-8734-8ef26eb6be85\", \"left\": \"${28b5ebe3-31a2-4cbb-82d8-1d6497b9fabe.conference.bridge.id}\", \"right\": \"\", \"operator\": \"IS_NOT_EMPTY\"}]}"
        }
      ]
    },
    {
      "id": "0550de76-bca9-40f1-8eeb-b32b029081b1",
      "label": "Condition",
      "environment": "HOSTED",
      "presentation": "{\"w\":100,\"x\":1540,\"h\":50,\"y\":1265}",
      "step": "2fd417b7-e709-5b91-ab83-4fbd9e7f8273",
      "stepType": "SCRIPT_STEP",
      "conditionPaths": [
        {
          "id": "cafc3742-32bc-42df-80a9-2772ca7b2961",
          "name": "Alert initiated",
          "orderNum": 1,
          "config": "{\"sets\": [], \"version\": 1, \"connector\": \"AND\", \"conditions\": [{\"id\": \"9f96deea-9570-4162-a1a5-f65e8e28475c\", \"left\": \"${4d7fc898-aa98-4610-9f2c-b70af1643657.statusChanged.auditType}\", \"right\": \"EVENT_CREATED\", \"operator\": \"EQUALS\"}]}"
        },
        {
          "id": "a84d6453-85ae-4d11-8d64-818262f078d7",
          "name": "Alert terminated by response or manually",
          "orderNum": 3,
          "config": "{\"sets\": [], \"version\": 1, \"connector\": \"AND\", \"conditions\": [{\"id\": \"5c445ad5-abfe-4213-bb16-044cad87e591\", \"left\": \"${4d7fc898-aa98-4610-9f2c-b70af1643657.statusChanged.auditType}\", \"right\": \"EVENT_TERMINATED\", \"operator\": \"EQUALS\"}, {\"id\": \"c7b4fccf-caee-4790-8842-1f78c6053add\", \"left\": \"${4d7fc898-aa98-4610-9f2c-b70af1643657.statusChanged.by.id}\", \"right\": \"\", \"operator\": \"IS_NOT_EMPTY\"}]}"
        },
        {
          "id": "b17bc9c4-8127-423d-b453-f4d972ff9ad9",
          "name": "Alert timed out with no response",
          "orderNum": 2,
          "config": "{\"sets\": [], \"version\": 1, \"connector\": \"AND\", \"conditions\": [{\"id\": \"56f1bc6a-c6bb-4cff-afcd-4310f841d993\", \"left\": \"${4d7fc898-aa98-4610-9f2c-b70af1643657.statusChanged.auditType}\", \"right\": \"EVENT_TERMINATED\", \"operator\": \"EQUALS\"}, {\"id\": \"fab27f17-b29a-4bc7-af40-af4714dad70d\", \"left\": \"${4d7fc898-aa98-4610-9f2c-b70af1643657.statusChanged.by.id}\", \"right\": \"\", \"operator\": \"IS_EMPTY\"}]}"
        }
      ]
    },
    {
      "id": "22bf0066-c267-44bd-b307-2bc4352351df",
      "label": "Condition",
      "environment": "HOSTED",
      "presentation": "{\"w\":100,\"x\":1100,\"h\":50,\"y\":1718}",
      "step": "2fd417b7-e709-5b91-ab83-4fbd9e7f8273",
      "stepType": "SCRIPT_STEP",
      "conditionPaths": [
        {
          "id": "893db073-7484-4bce-aaac-5e19828d6536",
          "name": "Alert initiated",
          "orderNum": 1,
          "config": "{\"sets\": [], \"version\": 1, \"connector\": \"AND\", \"conditions\": [{\"id\": \"a4df30e8-b084-4393-88a7-0bb08b490581\", \"left\": \"${c2091111-3dfa-4f0c-a848-df6d0300da15.statusChanged.auditType}\", \"right\": \"EVENT_CREATED\", \"operator\": \"EQUALS\"}]}"
        },
        {
          "id": "b86f76aa-0ac5-4d6f-b713-de64aa959091",
          "name": "Alert timed out with no response",
          "orderNum": 2,
          "config": "{\"sets\": [], \"version\": 1, \"connector\": \"AND\", \"conditions\": [{\"id\": \"d1e724b0-be82-4653-9178-56a6e76ae0f7\", \"left\": \"${c2091111-3dfa-4f0c-a848-df6d0300da15.statusChanged.auditType}\", \"right\": \"EVENT_TERMINATED\", \"operator\": \"EQUALS\"}, {\"id\": \"4a81897a-0ed4-40c2-9f80-f0d06d9886e6\", \"left\": \"${c2091111-3dfa-4f0c-a848-df6d0300da15.statusChanged.by.id}\", \"right\": \"\", \"operator\": \"IS_EMPTY\"}]}"
        },
        {
          "id": "bd272cc3-96d3-476c-801e-c280af27ba1b",
          "name": "Alert terminated by response or manually",
          "orderNum": 3,
          "config": "{\"sets\": [], \"version\": 1, \"connector\": \"AND\", \"conditions\": [{\"id\": \"24a64b2a-7e82-47b2-8557-7b58675bed8e\", \"left\": \"${c2091111-3dfa-4f0c-a848-df6d0300da15.statusChanged.auditType}\", \"right\": \"EVENT_TERMINATED\", \"operator\": \"EQUALS\"}, {\"id\": \"e393bbc4-0f13-4817-9178-16bdd21501ef\", \"left\": \"${c2091111-3dfa-4f0c-a848-df6d0300da15.statusChanged.by.id}\", \"right\": \"\", \"operator\": \"IS_NOT_EMPTY\"}]}"
        }
      ]
    },
    {
      "id": "c2091111-3dfa-4f0c-a848-df6d0300da15",
      "label": "Create Alert",
      "environment": "HOSTED",
      "presentation": "{\"w\":100,\"x\":880,\"h\":50,\"y\":644}",
      "stepType": "CREATE_ALERT",
      "inputMappings": [
        {
          "inputPort": "input",
          "mapping": "{\"RESPONSE\":{\"triggerType\":\"RESPONSE\",\"triggerBlockId\":\"50add8aa-b24f-49c3-95e9-8695857eedf8\",\"hidden\":false,\"position\":0},\"ANNOTATION\":{\"triggerType\":\"ANNOTATION\",\"triggerBlockId\":\"c8a4799d-50b8-41f7-8317-2ce92aa053ca\",\"hidden\":false,\"position\":1},\"DELIVERYSTATUS\":{\"triggerType\":\"DELIVERYSTATUS\",\"triggerBlockId\":\"b8f415bd-b95a-4bbd-8284-ee1105e208aa\",\"hidden\":false,\"position\":2},\"STATUS\":{\"triggerType\":\"STATUS\",\"triggerBlockId\":\"2bbb36da-0130-4080-b6c9-5d48a1e522f3\",\"hidden\":false,\"position\":3}}",
          "builtInInputId": "d5f190c2-4549-5f07-b14d-d51d641cf1e6"
        },
        {
          "inputPort": "input",
          "mapping": "callbackonly",
          "builtInInputId": "94bf035f-007b-5da6-996b-d122ff92e7b3"
        },
        {
          "inputPort": "input",
          "mapping": "Android Phone,Android Tablet,iPad,iPhone,SMS Phone,Home Phone,Mobile Phone,Work Phone,Home Email,Work Email,Microsoft Teams,Slack",
          "builtInInputId": "21dbc8d9-0c69-5ff1-99b2-f66986efcb79"
        },
        {
          "inputPort": "input",
          "mapping": "PICKER",
          "builtInInputId": "9b9bc3ee-7633-57e7-b13e-443db15f6e34"
        },
        {
          "inputPort": "input",
          "mapping": "${7592d63b-d3c9-4acf-ab96-3a973c11f555.Priority}",
          "builtInInputId": "3f50d6a7-0fc9-59a1-bd97-8eb19db317bd"
        },
        {
          "inputPort": "input",
          "mapping": "60",
          "builtInInputId": "ceffae29-cef3-5488-b9d1-f845c558f8a4"
        },
        {
          "inputPort": "input",
          "mapping": "[{\"id\":\"${28b5ebe3-31a2-4cbb-82d8-1d6497b9fabe.recipients}\"}]",
          "builtInInputId": "c2fa8405-6461-5736-9370-96e1dc04be7c"
        },
        {
          "inputPort": "input",
          "mapping": "0",
          "builtInInputId": "8298a407-9069-5331-8dee-219cdb1b4868"
        },
        {
          "inputPort": "input",
          "mapping": "[{\"language\":\"en\",\"text\":\"Alert: You're needed for ${28b5ebe3-31a2-4cbb-82d8-1d6497b9fabe.Priority} ServiceNow Incident ${28b5ebe3-31a2-4cbb-82d8-1d6497b9fabe.Number}: ${28b5ebe3-31a2-4cbb-82d8-1d6497b9fabe.Short description}\"}]",
          "builtInInputId": "8fccda00-5665-53aa-90a0-267d4b796a99"
        },
        {
          "inputPort": "input",
          "mapping": "false",
          "builtInInputId": "60992193-3b95-5b4e-adfd-244d5e834d67"
        },
        {
          "inputPort": "input",
          "mapping": "180",
          "builtInInputId": "8ff01cd9-6a5f-5ec3-9c46-a40b892b890e"
        },
        {
          "inputPort": "input",
          "mapping": "false",
          "builtInInputId": "0eeeaf31-fd99-5ada-aaf5-9b4ca198cce6"
        },
        {
          "inputPort": "input",
          "mapping": "RESOLVER",
          "builtInInputId": "be7ac5fe-0bbd-5f5a-91bd-28d0cb5979ea"
        },
        {
          "inputPort": "input",
          "mapping": "false",
          "builtInInputId": "7ec1fde7-1816-5b50-968f-c3eafa529f62"
        },
        {
          "inputPort": "input",
          "mapping": "[{\"language\":\"en\",\"steps\":[{\"playback\":\"TTS\",\"phrase\":\"This is an engage notification from ServiceNow regarding Incident\",\"uiBlock\":\"2d082c5c-e12c-44b1-bebd-7f7f05b185d1\"},{\"playback\":\"CHARACTERS\",\"phrase\":\"${28b5ebe3-31a2-4cbb-82d8-1d6497b9fabe.Number}\",\"uiBlock\":\"e33c9f85-ce1b-402f-b362-eae7a240ff56\"},{\"playback\":\"TTS\",\"phrase\":\"with the following message:\",\"uiBlock\":\"d9b0a071-ea20-477f-8218-c1f9eb38ea00\"},{\"playback\":\"TTS\",\"phrase\":\"${28b5ebe3-31a2-4cbb-82d8-1d6497b9fabe.properties.Message}\",\"uiBlock\":\"b7d2234e-5258-4287-af2b-11a009ee0d64\"}]}]",
          "builtInInputId": "1e0aae21-0ac6-5683-a162-36fa1f8a895c"
        },
        {
          "inputPort": "input",
          "mapping": "{\"bridgeTypeSelector\":\"NONE\"}",
          "builtInInputId": "707a5098-300e-50d1-8e70-30f1ec2ad99d"
        },
        {
          "inputPort": "input",
          "mapping": "[\n  {\n    \"action\": \"END\",\n    \"allowComments\": true,\n    \"contribution\": \"POSITIVE\",\n    \"description\": \"Accept the assignment\",\n    \"joinConference\": false,\n    \"number\": 1.0,\n    \"prompt\": \"Acknowledge\",\n    \"redirectUrl\": \"\",\n    \"text\": \"Acknowledge\",\n    \"id\": \"7d28516f-e038-4348-a4f7-90c7390063f4\",\n    \"triggerBlockId\": \"60d58954-8adc-4538-a2af-8aa1fa1ec42d\",\n    \"integrationId\": \"0774765b-ca12-4a37-9367-5d21169577d6\"\n  },\n  {\n    \"action\": \"ESCALATE\",\n    \"allowComments\": true,\n    \"contribution\": \"NEGATIVE\",\n    \"description\": \"Escalate to the next on call\",\n    \"joinConference\": false,\n    \"number\": 2.0,\n    \"prompt\": \"Escalate\",\n    \"redirectUrl\": \"\",\n    \"text\": \"Escalate\",\n    \"id\": \"8501f989-5214-4358-b567-fc91fc229718\",\n    \"triggerBlockId\": \"7fcb5101-cf16-43d6-9366-ac9bcca448ec\",\n    \"integrationId\": \"fb0eddd5-99dd-4c6a-ae6e-1ed28b170dee\"\n  }\n]",
          "builtInInputId": "ac190a1d-00b8-5aea-8543-12459dd918a7"
        },
        {
          "inputPort": "input",
          "mapping": "[{\"language\":\"en\",\"subject\":\"Alert: Engage notification for ${28b5ebe3-31a2-4cbb-82d8-1d6497b9fabe.Priority} ServiceNow Incident ${28b5ebe3-31a2-4cbb-82d8-1d6497b9fabe.Number}: ${28b5ebe3-31a2-4cbb-82d8-1d6497b9fabe.Short description}\",\"body\":\"\\n    <head><style id=\\\"xm-froala-base-styles\\\">\\n      /* Base Froala Styles Begin */\\n      table {\\n        border: 1px solid #ccc;\\n        border-bottom: none;\\n    }\\n    table th,\\n    table td {\\n        border: solid #ccc;\\n        border-width: 0 0 1px 0;\\n    }\\n\\n    \\n    table.xm-table-internal-borders {\\n      border: none;\\n    }\\n    table.xm-table-internal-borders th,\\n    table.xm-table-internal-borders td {\\n      border-width: 1px;\\n    }\\n    \\n    \\n    table {\\n      border-collapse: collapse;\\n    }\\n\\n\\n\\n.fr-clearfix::after{clear:both;display:block;content:\\\"\\\";height:0}.fr-hide-by-clipping{position:absolute;width:1px;height:1px;padding:0;margin:-1px;overflow:hidden;clip:rect(0, 0, 0, 0);border:0}img.fr-rounded,.fr-img-caption.fr-rounded img{border-radius:10px;-moz-border-radius:10px;-webkit-border-radius:10px;-moz-background-clip:padding;-webkit-background-clip:padding-box;background-clip:padding-box}img.fr-shadow,.fr-img-caption.fr-shadow img{-webkit-box-shadow:10px 10px 5px 0px #cccccc;-moz-box-shadow:10px 10px 5px 0px #cccccc;box-shadow:10px 10px 5px 0px #cccccc}img.fr-bordered,.fr-img-caption.fr-bordered img{border:solid 5px #CCC}img.fr-bordered{-webkit-box-sizing:content-box;-moz-box-sizing:content-box;box-sizing:content-box}.fr-img-caption.fr-bordered img{-webkit-box-sizing:border-box;-moz-box-sizing:border-box;box-sizing:border-box}li img.fr-dii.fr-fil{margin-right:20px}.fr-view{word-wrap:break-word}span[style~=\\\"color:\\\"] a{color:inherit}strong{font-weight:700}table[border='0'] td:not([class]),table[border='0'] th:not([class]),table[border='0'] td[class=\\\"\\\"],table[border='0'] th[class=\\\"\\\"]{border-width:0px}table{border:none;border-collapse:collapse;empty-cells:show;max-width:100%}table td{min-width:5px}table.fr-dashed-borders td,table.fr-dashed-borders th{border-style:dashed}table.fr-alternate-rows tbody tr:nth-child(2n){background:whitesmoke}table td,table th{border:1px solid #DDD}table td:empty,table th:empty{height:20px}table td.fr-highlighted,table th.fr-highlighted{border:1px double red}table td.fr-thick,table th.fr-thick{border-width:2px}table th{background:#ececec}table tfoot td{background:#ececec}hr{clear:both;user-select:none;-o-user-select:none;-moz-user-select:none;-khtml-user-select:none;-webkit-user-select:none;-ms-user-select:none;break-after:always;page-break-after:always}.fr-file{position:relative}.fr-file::after{position:relative;content:\\\"\\\\1F4CE\\\";font-weight:normal}pre{white-space:pre-wrap;word-wrap:break-word;overflow:visible}.fr-view[dir=\\\"rtl\\\"] blockquote{border-left:none;border-right:solid 2px #5E35B1;margin-right:0;padding-right:5px;padding-left:0}.fr-view[dir=\\\"rtl\\\"] blockquote blockquote{border-color:#00BCD4}.fr-view[dir=\\\"rtl\\\"] blockquote blockquote blockquote{border-color:#43A047}blockquote{border-left:solid 2px #5E35B1;margin-left:0;padding-left:5px;color:#5E35B1}blockquote blockquote{border-color:#00BCD4;color:#00BCD4}blockquote blockquote blockquote{border-color:#43A047;color:#43A047}span.fr-emoticon{font-weight:normal;font-family:\\\"Apple Color Emoji\\\",\\\"Segoe UI Emoji\\\",\\\"NotoColorEmoji\\\",\\\"Segoe UI Symbol\\\",\\\"Android Emoji\\\",\\\"EmojiSymbols\\\";display:inline;line-height:0}span.fr-emoticon.fr-emoticon-img{background-repeat:no-repeat !important;font-size:inherit;height:1em;width:1em;min-height:20px;min-width:20px;display:inline-block;margin:-.1em .1em .1em;line-height:1;vertical-align:middle}.fr-text-gray{color:#AAA !important}.fr-text-bordered{border-top:solid 1px #222;border-bottom:solid 1px #222;padding:10px 0}.fr-text-spaced{letter-spacing:1px}.fr-text-uppercase{text-transform:uppercase}.fr-class-highlighted{background-color:#ffff00}.fr-class-code{border-color:#cccccc;border-radius:2px;-moz-border-radius:2px;-webkit-border-radius:2px;-moz-background-clip:padding;-webkit-background-clip:padding-box;background-clip:padding-box;background:#f5f5f5;padding:10px;font-family:\\\"Courier New\\\", Courier, monospace}.fr-class-transparency{opacity:0.5}img{position:relative;max-width:100%}img.fr-dib{margin:5px auto;display:block;float:none;vertical-align:top}img.fr-dib.fr-fil{margin-left:0;text-align:left}img.fr-dib.fr-fir{margin-right:0;text-align:right}img.fr-dii{display:inline-block;float:none;vertical-align:bottom;margin-left:5px;margin-right:5px;max-width:calc(100% - (2 * 5px));min-width:10px}img.fr-dii.fr-fil{float:left;margin:5px 5px 5px 0;max-width:calc(100% - 5px);min-width:5px}img.fr-dii.fr-fir{float:right;margin:5px 0 5px 5px;max-width:calc(100% - 5px);min-width:5px}span.fr-img-caption{position:relative;max-width:100%}span.fr-img-caption.fr-dib{margin:5px auto;display:block;float:none;vertical-align:top}span.fr-img-caption.fr-dib.fr-fil{margin-left:0;text-align:left}span.fr-img-caption.fr-dib.fr-fir{margin-right:0;text-align:right}span.fr-img-caption.fr-dii{display:inline-block;float:none;vertical-align:bottom;margin-left:5px;margin-right:5px;max-width:calc(100% - (2 * 5px));min-width:10px}span.fr-img-caption.fr-dii.fr-fil{float:left;margin:5px 5px 5px 0;max-width:calc(100% - 5px);min-width:5px}span.fr-img-caption.fr-dii.fr-fir{float:right;margin:5px 0 5px 5px;max-width:calc(100% - 5px);min-width:5px}.fr-video{text-align:center;position:relative}.fr-video.fr-rv{padding-bottom:56.25%;padding-top:30px;height:0;overflow:hidden}.fr-video.fr-rv>iframe,.fr-video.fr-rv object,.fr-video.fr-rv embed{position:absolute !important;top:0;left:0;width:100%;height:100%}.fr-video>*{-webkit-box-sizing:content-box;-moz-box-sizing:content-box;box-sizing:content-box;max-width:100%;border:none}.fr-video.fr-dvb{display:block;clear:both}.fr-video.fr-dvb.fr-fvl{text-align:left}.fr-video.fr-dvb.fr-fvr{text-align:right}.fr-video.fr-dvi{display:inline-block}.fr-video.fr-dvi.fr-fvl{float:left}.fr-video.fr-dvi.fr-fvr{float:right}a.fr-strong{font-weight:700}a.fr-green{color:green}.fr-img-caption{text-align:center}.fr-img-caption .fr-img-wrap{padding:0;margin:auto;text-align:center;width:100%}.fr-img-caption .fr-img-wrap a{display:block}.fr-img-caption .fr-img-wrap img{display:block;margin:auto;width:100%}.fr-img-caption .fr-img-wrap>span{margin:auto;display:block;padding:5px 5px 10px;font-size:14px;font-weight:initial;-webkit-box-sizing:border-box;-moz-box-sizing:border-box;box-sizing:border-box;-webkit-opacity:0.9;-moz-opacity:0.9;opacity:0.9;-ms-filter:\\\"progid:DXImageTransform.Microsoft.Alpha(Opacity=0)\\\";width:100%;text-align:center}button.fr-rounded,input.fr-rounded,textarea.fr-rounded{border-radius:10px;-moz-border-radius:10px;-webkit-border-radius:10px;-moz-background-clip:padding;-webkit-background-clip:padding-box;background-clip:padding-box}button.fr-large,input.fr-large,textarea.fr-large{font-size:24px}span.fr-img-caption.fr-dii.fr-fil,p img.fr-dii.fr-fil{margin-right:15px}a.fr-view.fr-strong{font-weight:700}a.fr-view.fr-green{color:green}img.fr-view{position:relative;max-width:100%}img.fr-view.fr-dib{margin:5px auto;display:block;float:none;vertical-align:top}img.fr-view.fr-dib.fr-fil{margin-left:0;text-align:left}img.fr-view.fr-dib.fr-fir{margin-right:0;text-align:right}img.fr-view.fr-dii{display:inline-block;float:none;vertical-align:bottom;margin-left:5px;margin-right:5px;max-width:calc(100% - (2 * 5px));min-width:10px}img.fr-view.fr-dii.fr-fil{float:left;margin:5px 5px 5px 0;max-width:calc(100% - 5px);min-width:5px}img.fr-view.fr-dii.fr-fir{float:right;margin:5px 0 5px 5px;max-width:calc(100% - 5px);min-width:5px}span.fr-img-caption.fr-view{position:relative;max-width:100%}span.fr-img-caption.fr-view.fr-dib{margin:5px auto;display:block;float:none;vertical-align:top}span.fr-img-caption.fr-view.fr-dib.fr-fil{margin-left:0;text-align:left}span.fr-img-caption.fr-view.fr-dib.fr-fir{margin-right:0;text-align:right}span.fr-img-caption.fr-view.fr-dii{display:inline-block;float:none;vertical-align:bottom;margin-left:5px;margin-right:5px;max-width:calc(100% - (2 * 5px));min-width:10px}span.fr-img-caption.fr-view.fr-dii.fr-fil{float:left;margin:5px 5px 5px 0;max-width:calc(100% - 5px);min-width:5px}span.fr-img-caption.fr-view.fr-dii.fr-fir{float:right;margin:5px 0 5px 5px;max-width:calc(100% - 5px);min-width:5px}\\n      /* Base Froala Styles End */\\n    </style></head><!-- XM Froala Top Level Wrapper Begin {{{ -->\\n    <div id=\\\"xm-froala-top-level-wrapper\\\" class=\\\"fr-view\\\">\\n    <!-- XM Froala Top Level Wrapper Begin }}} --><div style=\\\"width: 768px; margin-left: auto; margin-right: auto;\\\">\\n    <div style=\\\"width: 460px; margin-left: auto; margin-right: auto;\\\">\\n        <div style=\\\"width: 100%; margin: auto; text-align: center;\\\"><img src=\\\"https://static.xmatters.com/integrations/servicenow/images/servicenow-3.png\\\" class=\\\"fr-fic fr-dib\\\" style=\\\"width: 200px;\\\"></div>\\n        <div style=\\\"text-align: center; margin: 20px auto;\\\">${person.firstName} ${person.lastName}, <span id=\\\"isPasted\\\" style=\\\"color: rgb(23, 43, 77); font-family: -apple-system, &quot;system-ui&quot;, &quot;Segoe UI&quot;, Roboto, Oxygen, Ubuntu, &quot;Fira Sans&quot;, &quot;Droid Sans&quot;, &quot;Helvetica Neue&quot;, sans-serif; font-size: 14px; font-style: normal; font-variant-ligatures: normal; font-variant-caps: normal; font-weight: 400; letter-spacing: normal; orphans: 2; text-align: left; text-indent: 0px; text-transform: none; white-space: normal; widows: 2; word-spacing: 0px; -webkit-text-stroke-width: 0px; background-color: rgb(255, 255, 255); text-decoration-thickness: initial; text-decoration-style: initial; text-decoration-color: initial; display: inline !important; float: none;\\\"><span id=\\\"isPasted\\\" style=\\\"color: rgb(23, 43, 77); font-family: -apple-system, &quot;system-ui&quot;, &quot;Segoe UI&quot;, Roboto, Oxygen, Ubuntu, &quot;Fira Sans&quot;, &quot;Droid Sans&quot;, &quot;Helvetica Neue&quot;, sans-serif; font-size: 14px; font-style: normal; font-variant-ligatures: normal; font-variant-caps: normal; font-weight: 400; letter-spacing: normal; orphans: 2; text-align: start; text-indent: 0px; text-transform: none; white-space: normal; widows: 2; word-spacing: 0px; -webkit-text-stroke-width: 0px; background-color: rgb(255, 255, 255); text-decoration-thickness: initial; text-decoration-style: initial; text-decoration-color: initial; display: inline !important; float: none;\\\">you're needed for an incident</span></span>:</div>\\n        <div style=\\\"border: #e4e4e4 1px solid; border-radius: 5px;\\\">\\n            <div style=\\\"width: 100%;  display: flex; border-bottom: #e4e4e4 1px solid;\\\">\\n                <div style=\\\"width: 50%; text-align: center; display: block; border-right: #e4e4e4 1px solid;\\\">\\n                    <div style=\\\"margin: auto; text-align: center; display: block; padding: 15px 5px;\\\">\\n                        <div style=\\\"font-weight: bold;\\\">State</div>${28b5ebe3-31a2-4cbb-82d8-1d6497b9fabe.State}</div></div>\\n                <div style=\\\"width: 50%; text-align: center; display: block;\\\">\\n                    <div style=\\\"margin: auto; text-align: center; display: block; padding: 15px 5px;\\\">\\n                        <div style=\\\"font-weight: bold;\\\">Priority</div>${28b5ebe3-31a2-4cbb-82d8-1d6497b9fabe.Priority}</div></div></div>\\n            <div style=\\\"padding: 15px 15px; display: block; border-bottom: #e4e4e4 1px solid;\\\"><span style=\\\"font-weight: bold; margin-bottom: 5px;\\\">Message:</span> ${28b5ebe3-31a2-4cbb-82d8-1d6497b9fabe.properties.Message}</div>\\n            <div style=\\\"padding: 15px 15px; display: block; border-bottom: #e4e4e4 1px solid;\\\"><span style=\\\"font-weight: bold; margin-bottom: 5px;\\\">Incident:</span> ${28b5ebe3-31a2-4cbb-82d8-1d6497b9fabe.Number}</div>\\n            <div style=\\\"padding: 15px 15px; display: block; border-bottom: #e4e4e4 1px solid;\\\"><span style=\\\"font-weight: bold; margin-bottom: 5px;\\\">Summary:</span> ${28b5ebe3-31a2-4cbb-82d8-1d6497b9fabe.Short description}</div>\\n            <div style=\\\"padding: 15px 15px; display: block; border-bottom: #e4e4e4 1px solid;\\\"><span style=\\\"font-weight: bold; margin-bottom: 5px;\\\">Initiated at:</span> ${alert.startDate} ${alert.startTime}</div>\\n            <div style=\\\"padding: 15px 15px; display: block; border-bottom: #e4e4e4 1px solid;\\\"><span style=\\\"font-weight: bold; margin-bottom: 5px;\\\">Alerting Path:</span> ${person.alertContext}</div>\\n            <div style=\\\"padding: 15px 15px; display: block;\\\">\\n                <div style=\\\"font-weight: bold; margin-bottom: 5px;\\\"><a href=\\\"${28b5ebe3-31a2-4cbb-82d8-1d6497b9fabe.Record URL}\\\">View Incident ${28b5ebe3-31a2-4cbb-82d8-1d6497b9fabe.Number} in ServiceNow</a></div></div></div>\\n    <!-- the following elements are used for processing. Signal ID is required to look up and terminate events using the Get Events step. -->\\n    <div style=\\\"display:none;\\\">${28b5ebe3-31a2-4cbb-82d8-1d6497b9fabe.Record ID}</div>\\n    <div style=\\\"padding-top: 27px; margin-bottom: 20px;\\\"><img style=\\\"width: 195px;\\\" src=\\\"https://static.xmatters.com/integrations/common/images/powered_by_xmatters_color.png\\\" class=\\\"fr-fic fr-dii\\\"></div>\\n    <div id=\\\"incident-responses\\\">\\n        <!--__X_RESPONSE_CHOICES_PLACEHOLDER__-->\\n        <br>\\n    </div></div></div><!-- XM Froala Top Level Wrapper End {{{ -->\\n    </div>\\n    <!-- XM Froala Top Level Wrapper End }}} -->\"}]",
          "builtInInputId": "c2a258c9-70f0-5ab9-87a0-f16aac6a4f7e"
        },
        {
          "inputPort": "input",
          "mapping": "false",
          "builtInInputId": "c4501a77-1058-51d5-9044-7c4f8a39938a"
        }
      ]
    },
    {
      "id": "60d58954-8adc-4538-a2af-8aa1fa1ec42d",
      "label": "Create Alert - Acknowledge",
      "environment": "HOSTED",
      "presentation": "{\"w\":100,\"h\":50}",
      "step": "0774765b-ca12-4a37-9367-5d21169577d6",
      "stepType": "INTEGRATION",
      "groupingBlockId": "c2091111-3dfa-4f0c-a848-df6d0300da15"
    },
    {
      "id": "c8a4799d-50b8-41f7-8317-2ce92aa053ca",
      "label": "Create Alert - Alert Comments",
      "environment": "HOSTED",
      "presentation": "{\"w\":100,\"h\":50}",
      "step": "6b0c6e8d-a405-466c-a3c0-0ceb87e8f981",
      "stepType": "INTEGRATION",
      "groupingBlockId": "c2091111-3dfa-4f0c-a848-df6d0300da15"
    },
    {
      "id": "2bbb36da-0130-4080-b6c9-5d48a1e522f3",
      "label": "Create Alert - Alert Status Updates",
      "environment": "HOSTED",
      "presentation": "{\"w\":100,\"h\":50}",
      "step": "e1bc2ba2-02f1-43dd-961b-46bf74a40a8f",
      "stepType": "INTEGRATION",
      "groupingBlockId": "c2091111-3dfa-4f0c-a848-df6d0300da15"
    },
    {
      "id": "b8f415bd-b95a-4bbd-8284-ee1105e208aa",
      "label": "Create Alert - Device Delivery Updates",
      "environment": "HOSTED",
      "presentation": "{\"w\":100,\"h\":50}",
      "step": "16b5f3c8-5e43-48bc-95d7-aa9b2c8c842f",
      "stepType": "INTEGRATION",
      "groupingBlockId": "c2091111-3dfa-4f0c-a848-df6d0300da15"
    },
    {
      "id": "7fcb5101-cf16-43d6-9366-ac9bcca448ec",
      "label": "Create Alert - Escalate",
      "environment": "HOSTED",
      "presentation": "{\"w\":100,\"h\":50}",
      "step": "fb0eddd5-99dd-4c6a-ae6e-1ed28b170dee",
      "stepType": "INTEGRATION",
      "groupingBlockId": "c2091111-3dfa-4f0c-a848-df6d0300da15"
    },
    {
      "id": "50add8aa-b24f-49c3-95e9-8695857eedf8",
      "label": "Create Alert - Response",
      "environment": "HOSTED",
      "presentation": "{\"w\":100,\"h\":50}",
      "stepType": "RESPONSES",
      "groupingBlockId": "c2091111-3dfa-4f0c-a848-df6d0300da15"
    },
    {
      "id": "4d7fc898-aa98-4610-9f2c-b70af1643657",
      "label": "Create Alert with Conference Bridge",
      "environment": "HOSTED",
      "presentation": "{\"w\":100,\"x\":1320,\"h\":50,\"y\":191}",
      "stepType": "CREATE_ALERT",
      "inputMappings": [
        {
          "inputPort": "input",
          "mapping": "180",
          "builtInInputId": "8ff01cd9-6a5f-5ec3-9c46-a40b892b890e"
        },
        {
          "inputPort": "input",
          "mapping": "60",
          "builtInInputId": "ceffae29-cef3-5488-b9d1-f845c558f8a4"
        },
        {
          "inputPort": "input",
          "mapping": "false",
          "builtInInputId": "7ec1fde7-1816-5b50-968f-c3eafa529f62"
        },
        {
          "inputPort": "input",
          "mapping": "RESOLVER",
          "builtInInputId": "be7ac5fe-0bbd-5f5a-91bd-28d0cb5979ea"
        },
        {
          "inputPort": "input",
          "mapping": "false",
          "builtInInputId": "c4501a77-1058-51d5-9044-7c4f8a39938a"
        },
        {
          "inputPort": "input",
          "mapping": "Android Phone,Android Tablet,iPad,iPhone,SMS Phone,Home Phone,Mobile Phone,Work Phone,Home Email,Work Email,Microsoft Teams,Slack",
          "builtInInputId": "21dbc8d9-0c69-5ff1-99b2-f66986efcb79"
        },
        {
          "inputPort": "input",
          "mapping": "false",
          "builtInInputId": "0eeeaf31-fd99-5ada-aaf5-9b4ca198cce6"
        },
        {
          "inputPort": "input",
          "mapping": "[{\"language\":\"en\",\"text\":\"Alert: You're needed for ${28b5ebe3-31a2-4cbb-82d8-1d6497b9fabe.Priority} ServiceNow Incident ${28b5ebe3-31a2-4cbb-82d8-1d6497b9fabe.Number}: ${28b5ebe3-31a2-4cbb-82d8-1d6497b9fabe.Short description}\"}]",
          "builtInInputId": "8fccda00-5665-53aa-90a0-267d4b796a99"
        },
        {
          "inputPort": "input",
          "mapping": "PICKER",
          "builtInInputId": "9b9bc3ee-7633-57e7-b13e-443db15f6e34"
        },
        {
          "inputPort": "input",
          "mapping": "[{\"language\":\"en\",\"steps\":[{\"playback\":\"TTS\",\"phrase\":\"This is an engage notification from ServiceNow regarding Incident\",\"uiBlock\":\"dbbaa317-59c5-4dfb-b7da-1601bdfd3c68\"},{\"playback\":\"CHARACTERS\",\"phrase\":\"${28b5ebe3-31a2-4cbb-82d8-1d6497b9fabe.Number}\",\"uiBlock\":\"7abf23e5-f43f-4fe3-adaf-712fe18bd456\"},{\"playback\":\"TTS\",\"phrase\":\"with the following message:\",\"uiBlock\":\"817e2c6b-fd09-413a-bfdc-b1715eb05d53\"},{\"playback\":\"TTS\",\"phrase\":\"${28b5ebe3-31a2-4cbb-82d8-1d6497b9fabe.properties.Message}\",\"uiBlock\":\"f3c4b78b-0e04-40cf-8e73-bb7c7780147f\"}]}]",
          "builtInInputId": "1e0aae21-0ac6-5683-a162-36fa1f8a895c"
        },
        {
          "inputPort": "input",
          "mapping": "callbackonly",
          "builtInInputId": "94bf035f-007b-5da6-996b-d122ff92e7b3"
        },
        {
          "inputPort": "input",
          "mapping": "[{\"language\":\"en\",\"subject\":\"Alert: Engage notification for ${28b5ebe3-31a2-4cbb-82d8-1d6497b9fabe.Priority} ServiceNow Incident ${28b5ebe3-31a2-4cbb-82d8-1d6497b9fabe.Number}: ${28b5ebe3-31a2-4cbb-82d8-1d6497b9fabe.Short description}\",\"body\":\"\\n    <head><style id=\\\"xm-froala-base-styles\\\">\\n      /* Base Froala Styles Begin */\\n      table {\\n        border: 1px solid #ccc;\\n        border-bottom: none;\\n    }\\n    table th,\\n    table td {\\n        border: solid #ccc;\\n        border-width: 0 0 1px 0;\\n    }\\n\\n    \\n    table.xm-table-internal-borders {\\n      border: none;\\n    }\\n    table.xm-table-internal-borders th,\\n    table.xm-table-internal-borders td {\\n      border-width: 1px;\\n    }\\n    \\n    \\n    table {\\n      border-collapse: collapse;\\n    }\\n\\n\\n\\n.fr-clearfix::after{clear:both;display:block;content:\\\"\\\";height:0}.fr-hide-by-clipping{position:absolute;width:1px;height:1px;padding:0;margin:-1px;overflow:hidden;clip:rect(0, 0, 0, 0);border:0}img.fr-rounded,.fr-img-caption.fr-rounded img{border-radius:10px;-moz-border-radius:10px;-webkit-border-radius:10px;-moz-background-clip:padding;-webkit-background-clip:padding-box;background-clip:padding-box}img.fr-shadow,.fr-img-caption.fr-shadow img{-webkit-box-shadow:10px 10px 5px 0px #cccccc;-moz-box-shadow:10px 10px 5px 0px #cccccc;box-shadow:10px 10px 5px 0px #cccccc}img.fr-bordered,.fr-img-caption.fr-bordered img{border:solid 5px #CCC}img.fr-bordered{-webkit-box-sizing:content-box;-moz-box-sizing:content-box;box-sizing:content-box}.fr-img-caption.fr-bordered img{-webkit-box-sizing:border-box;-moz-box-sizing:border-box;box-sizing:border-box}li img.fr-dii.fr-fil{margin-right:20px}.fr-view{word-wrap:break-word}span[style~=\\\"color:\\\"] a{color:inherit}strong{font-weight:700}table[border='0'] td:not([class]),table[border='0'] th:not([class]),table[border='0'] td[class=\\\"\\\"],table[border='0'] th[class=\\\"\\\"]{border-width:0px}table{border:none;border-collapse:collapse;empty-cells:show;max-width:100%}table td{min-width:5px}table.fr-dashed-borders td,table.fr-dashed-borders th{border-style:dashed}table.fr-alternate-rows tbody tr:nth-child(2n){background:whitesmoke}table td,table th{border:1px solid #DDD}table td:empty,table th:empty{height:20px}table td.fr-highlighted,table th.fr-highlighted{border:1px double red}table td.fr-thick,table th.fr-thick{border-width:2px}table th{background:#ececec}table tfoot td{background:#ececec}hr{clear:both;user-select:none;-o-user-select:none;-moz-user-select:none;-khtml-user-select:none;-webkit-user-select:none;-ms-user-select:none;break-after:always;page-break-after:always}.fr-file{position:relative}.fr-file::after{position:relative;content:\\\"\\\\1F4CE\\\";font-weight:normal}pre{white-space:pre-wrap;word-wrap:break-word;overflow:visible}.fr-view[dir=\\\"rtl\\\"] blockquote{border-left:none;border-right:solid 2px #5E35B1;margin-right:0;padding-right:5px;padding-left:0}.fr-view[dir=\\\"rtl\\\"] blockquote blockquote{border-color:#00BCD4}.fr-view[dir=\\\"rtl\\\"] blockquote blockquote blockquote{border-color:#43A047}blockquote{border-left:solid 2px #5E35B1;margin-left:0;padding-left:5px;color:#5E35B1}blockquote blockquote{border-color:#00BCD4;color:#00BCD4}blockquote blockquote blockquote{border-color:#43A047;color:#43A047}span.fr-emoticon{font-weight:normal;font-family:\\\"Apple Color Emoji\\\",\\\"Segoe UI Emoji\\\",\\\"NotoColorEmoji\\\",\\\"Segoe UI Symbol\\\",\\\"Android Emoji\\\",\\\"EmojiSymbols\\\";display:inline;line-height:0}span.fr-emoticon.fr-emoticon-img{background-repeat:no-repeat !important;font-size:inherit;height:1em;width:1em;min-height:20px;min-width:20px;display:inline-block;margin:-.1em .1em .1em;line-height:1;vertical-align:middle}.fr-text-gray{color:#AAA !important}.fr-text-bordered{border-top:solid 1px #222;border-bottom:solid 1px #222;padding:10px 0}.fr-text-spaced{letter-spacing:1px}.fr-text-uppercase{text-transform:uppercase}.fr-class-highlighted{background-color:#ffff00}.fr-class-code{border-color:#cccccc;border-radius:2px;-moz-border-radius:2px;-webkit-border-radius:2px;-moz-background-clip:padding;-webkit-background-clip:padding-box;background-clip:padding-box;background:#f5f5f5;padding:10px;font-family:\\\"Courier New\\\", Courier, monospace}.fr-class-transparency{opacity:0.5}img{position:relative;max-width:100%}img.fr-dib{margin:5px auto;display:block;float:none;vertical-align:top}img.fr-dib.fr-fil{margin-left:0;text-align:left}img.fr-dib.fr-fir{margin-right:0;text-align:right}img.fr-dii{display:inline-block;float:none;vertical-align:bottom;margin-left:5px;margin-right:5px;max-width:calc(100% - (2 * 5px));min-width:10px}img.fr-dii.fr-fil{float:left;margin:5px 5px 5px 0;max-width:calc(100% - 5px);min-width:5px}img.fr-dii.fr-fir{float:right;margin:5px 0 5px 5px;max-width:calc(100% - 5px);min-width:5px}span.fr-img-caption{position:relative;max-width:100%}span.fr-img-caption.fr-dib{margin:5px auto;display:block;float:none;vertical-align:top}span.fr-img-caption.fr-dib.fr-fil{margin-left:0;text-align:left}span.fr-img-caption.fr-dib.fr-fir{margin-right:0;text-align:right}span.fr-img-caption.fr-dii{display:inline-block;float:none;vertical-align:bottom;margin-left:5px;margin-right:5px;max-width:calc(100% - (2 * 5px));min-width:10px}span.fr-img-caption.fr-dii.fr-fil{float:left;margin:5px 5px 5px 0;max-width:calc(100% - 5px);min-width:5px}span.fr-img-caption.fr-dii.fr-fir{float:right;margin:5px 0 5px 5px;max-width:calc(100% - 5px);min-width:5px}.fr-video{text-align:center;position:relative}.fr-video.fr-rv{padding-bottom:56.25%;padding-top:30px;height:0;overflow:hidden}.fr-video.fr-rv>iframe,.fr-video.fr-rv object,.fr-video.fr-rv embed{position:absolute !important;top:0;left:0;width:100%;height:100%}.fr-video>*{-webkit-box-sizing:content-box;-moz-box-sizing:content-box;box-sizing:content-box;max-width:100%;border:none}.fr-video.fr-dvb{display:block;clear:both}.fr-video.fr-dvb.fr-fvl{text-align:left}.fr-video.fr-dvb.fr-fvr{text-align:right}.fr-video.fr-dvi{display:inline-block}.fr-video.fr-dvi.fr-fvl{float:left}.fr-video.fr-dvi.fr-fvr{float:right}a.fr-strong{font-weight:700}a.fr-green{color:green}.fr-img-caption{text-align:center}.fr-img-caption .fr-img-wrap{padding:0;margin:auto;text-align:center;width:100%}.fr-img-caption .fr-img-wrap a{display:block}.fr-img-caption .fr-img-wrap img{display:block;margin:auto;width:100%}.fr-img-caption .fr-img-wrap>span{margin:auto;display:block;padding:5px 5px 10px;font-size:14px;font-weight:initial;-webkit-box-sizing:border-box;-moz-box-sizing:border-box;box-sizing:border-box;-webkit-opacity:0.9;-moz-opacity:0.9;opacity:0.9;-ms-filter:\\\"progid:DXImageTransform.Microsoft.Alpha(Opacity=0)\\\";width:100%;text-align:center}button.fr-rounded,input.fr-rounded,textarea.fr-rounded{border-radius:10px;-moz-border-radius:10px;-webkit-border-radius:10px;-moz-background-clip:padding;-webkit-background-clip:padding-box;background-clip:padding-box}button.fr-large,input.fr-large,textarea.fr-large{font-size:24px}span.fr-img-caption.fr-dii.fr-fil,p img.fr-dii.fr-fil{margin-right:15px}a.fr-view.fr-strong{font-weight:700}a.fr-view.fr-green{color:green}img.fr-view{position:relative;max-width:100%}img.fr-view.fr-dib{margin:5px auto;display:block;float:none;vertical-align:top}img.fr-view.fr-dib.fr-fil{margin-left:0;text-align:left}img.fr-view.fr-dib.fr-fir{margin-right:0;text-align:right}img.fr-view.fr-dii{display:inline-block;float:none;vertical-align:bottom;margin-left:5px;margin-right:5px;max-width:calc(100% - (2 * 5px));min-width:10px}img.fr-view.fr-dii.fr-fil{float:left;margin:5px 5px 5px 0;max-width:calc(100% - 5px);min-width:5px}img.fr-view.fr-dii.fr-fir{float:right;margin:5px 0 5px 5px;max-width:calc(100% - 5px);min-width:5px}span.fr-img-caption.fr-view{position:relative;max-width:100%}span.fr-img-caption.fr-view.fr-dib{margin:5px auto;display:block;float:none;vertical-align:top}span.fr-img-caption.fr-view.fr-dib.fr-fil{margin-left:0;text-align:left}span.fr-img-caption.fr-view.fr-dib.fr-fir{margin-right:0;text-align:right}span.fr-img-caption.fr-view.fr-dii{display:inline-block;float:none;vertical-align:bottom;margin-left:5px;margin-right:5px;max-width:calc(100% - (2 * 5px));min-width:10px}span.fr-img-caption.fr-view.fr-dii.fr-fil{float:left;margin:5px 5px 5px 0;max-width:calc(100% - 5px);min-width:5px}span.fr-img-caption.fr-view.fr-dii.fr-fir{float:right;margin:5px 0 5px 5px;max-width:calc(100% - 5px);min-width:5px}\\n      /* Base Froala Styles End */\\n    </style></head><!-- XM Froala Top Level Wrapper Begin {{{ -->\\n    <div id=\\\"xm-froala-top-level-wrapper\\\" class=\\\"fr-view\\\">\\n    <!-- XM Froala Top Level Wrapper Begin }}} --><div style=\\\"width: 768px; margin-left: auto; margin-right: auto;\\\">\\n    <div style=\\\"width: 460px; margin-left: auto; margin-right: auto;\\\">\\n        <div style=\\\"width: 100%; margin: auto; text-align: center;\\\"><img src=\\\"https://static.xmatters.com/integrations/servicenow/images/servicenow-3.png\\\" class=\\\"fr-fic fr-dib\\\" style=\\\"width: 200px;\\\"></div>\\n        <div style=\\\"text-align: center; margin: 20px auto;\\\">${person.firstName} ${person.lastName}, <span id=\\\"isPasted\\\" style=\\\"color: rgb(23, 43, 77); font-family: -apple-system, &quot;system-ui&quot;, &quot;Segoe UI&quot;, Roboto, Oxygen, Ubuntu, &quot;Fira Sans&quot;, &quot;Droid Sans&quot;, &quot;Helvetica Neue&quot;, sans-serif; font-size: 14px; font-style: normal; font-variant-ligatures: normal; font-variant-caps: normal; font-weight: 400; letter-spacing: normal; orphans: 2; text-align: left; text-indent: 0px; text-transform: none; white-space: normal; widows: 2; word-spacing: 0px; -webkit-text-stroke-width: 0px; background-color: rgb(255, 255, 255); text-decoration-thickness: initial; text-decoration-style: initial; text-decoration-color: initial; display: inline !important; float: none;\\\"><span id=\\\"isPasted\\\" style=\\\"color: rgb(23, 43, 77); font-family: -apple-system, &quot;system-ui&quot;, &quot;Segoe UI&quot;, Roboto, Oxygen, Ubuntu, &quot;Fira Sans&quot;, &quot;Droid Sans&quot;, &quot;Helvetica Neue&quot;, sans-serif; font-size: 14px; font-style: normal; font-variant-ligatures: normal; font-variant-caps: normal; font-weight: 400; letter-spacing: normal; orphans: 2; text-align: start; text-indent: 0px; text-transform: none; white-space: normal; widows: 2; word-spacing: 0px; -webkit-text-stroke-width: 0px; background-color: rgb(255, 255, 255); text-decoration-thickness: initial; text-decoration-style: initial; text-decoration-color: initial; display: inline !important; float: none;\\\">you're needed for an incident</span></span>:</div>\\n        <div style=\\\"border: #e4e4e4 1px solid; border-radius: 5px;\\\">\\n            <div style=\\\"width: 100%;  display: flex; border-bottom: #e4e4e4 1px solid;\\\">\\n                <div style=\\\"width: 50%; text-align: center; display: block; border-right: #e4e4e4 1px solid;\\\">\\n                    <div style=\\\"margin: auto; text-align: center; display: block; padding: 15px 5px;\\\">\\n                        <div style=\\\"font-weight: bold;\\\">State</div>${28b5ebe3-31a2-4cbb-82d8-1d6497b9fabe.State}</div></div>\\n                <div style=\\\"width: 50%; text-align: center; display: block;\\\">\\n                    <div style=\\\"margin: auto; text-align: center; display: block; padding: 15px 5px;\\\">\\n                        <div style=\\\"font-weight: bold;\\\">Priority</div>${28b5ebe3-31a2-4cbb-82d8-1d6497b9fabe.Priority}</div></div></div>\\n            <div style=\\\"padding: 15px 15px; display: block; border-bottom: #e4e4e4 1px solid;\\\"><span style=\\\"font-weight: bold; margin-bottom: 5px;\\\">Message:</span> ${28b5ebe3-31a2-4cbb-82d8-1d6497b9fabe.properties.Message}</div>\\n            <div style=\\\"padding: 15px 15px; display: block; border-bottom: #e4e4e4 1px solid;\\\"><span style=\\\"font-weight: bold; margin-bottom: 5px;\\\">Incident:</span> ${28b5ebe3-31a2-4cbb-82d8-1d6497b9fabe.Number}</div>\\n            <div style=\\\"padding: 15px 15px; display: block; border-bottom: #e4e4e4 1px solid;\\\"><span style=\\\"font-weight: bold; margin-bottom: 5px;\\\">Summary:</span> ${28b5ebe3-31a2-4cbb-82d8-1d6497b9fabe.Short description}</div>\\n            <div style=\\\"padding: 15px 15px; display: block; border-bottom: #e4e4e4 1px solid;\\\"><span style=\\\"font-weight: bold; margin-bottom: 5px;\\\">Initiated at:</span> ${alert.startDate} ${alert.startTime}</div>\\n            <div style=\\\"padding: 15px 15px; display: block; border-bottom: #e4e4e4 1px solid;\\\"><span style=\\\"font-weight: bold; margin-bottom: 5px;\\\">Alerting Path:</span> ${person.alertContext}</div>\\n            <div style=\\\"padding: 15px 15px; display: block; border-bottom: #e4e4e4 1px solid;\\\"><span style=\\\"font-weight: bold; margin-bottom: 5px;\\\">Conference Bridge (Toll free):</span> ${d98bcf45-24f9-4b03-b712-05ca48bde453.Toll-Free Number},,${d98bcf45-24f9-4b03-b712-05ca48bde453.xMatters Bridge ID / External Bridge Name}</div>\\n            <div style=\\\"padding: 15px 15px; display: block; border-bottom: #e4e4e4 1px solid;\\\"><span style=\\\"font-weight: bold; margin-bottom: 5px;\\\">Conference Bridge (Toll):</span> ${d98bcf45-24f9-4b03-b712-05ca48bde453.Toll Number},,${d98bcf45-24f9-4b03-b712-05ca48bde453.Bridge ID}</div>\\n    <div style=\\\"padding: 15px 15px; display: block;\\\">\\n        <div style=\\\"font-weight: bold; margin-bottom: 5px;\\\"><a href=\\\"${28b5ebe3-31a2-4cbb-82d8-1d6497b9fabe.Record URL}\\\">View Incident ${28b5ebe3-31a2-4cbb-82d8-1d6497b9fabe.Number} in ServiceNow</a></div></div></div>\\n<!-- the following elements are used for processing. Signal ID is required to look up and terminate events using the Get Events step. -->\\n<div style=\\\"display:none;\\\">${28b5ebe3-31a2-4cbb-82d8-1d6497b9fabe.Record ID}</div>\\n<div style=\\\"padding-top: 27px; margin-bottom: 20px;\\\"><img style=\\\"width: 195px;\\\" src=\\\"https://static.xmatters.com/integrations/common/images/powered_by_xmatters_color.png\\\" class=\\\"fr-fic fr-dii\\\"></div>\\n<div id=\\\"incident-responses\\\">\\n    <!--__X_RESPONSE_CHOICES_PLACEHOLDER__-->\\n    <br>\\n</div></div></div><!-- XM Froala Top Level Wrapper End {{{ -->\\n    </div>\\n    <!-- XM Froala Top Level Wrapper End }}} -->\"}]",
          "builtInInputId": "c2a258c9-70f0-5ab9-87a0-f16aac6a4f7e"
        },
        {
          "inputPort": "input",
          "mapping": "0",
          "builtInInputId": "8298a407-9069-5331-8dee-219cdb1b4868"
        },
        {
          "inputPort": "input",
          "mapping": "[\n  {\n    \"action\": \"END\",\n    \"allowComments\": true,\n    \"contribution\": \"POSITIVE\",\n    \"description\": \"Join the conference bridge\",\n    \"joinConference\": true,\n    \"number\": 1.0,\n    \"prompt\": \"Join\",\n    \"redirectUrl\": \"\",\n    \"text\": \"Join\",\n    \"id\": \"6150508d-9f64-4b77-9ef0-4a2a95a1c7fc\",\n    \"triggerBlockId\": \"7aa6eb1a-040c-4494-98b0-2494a84c5a04\",\n    \"integrationId\": \"5faebd11-0064-4b25-aee1-ae9cbb5098cb\"\n  },\n  {\n    \"action\": \"ESCALATE\",\n    \"allowComments\": true,\n    \"contribution\": \"NEGATIVE\",\n    \"description\": \"Escalate to the next on call\",\n    \"joinConference\": false,\n    \"number\": 2.0,\n    \"prompt\": \"Escalate\",\n    \"redirectUrl\": \"\",\n    \"text\": \"Escalate\",\n    \"id\": \"52c08d66-27f0-49ba-8f26-f0ee3733508c\",\n    \"triggerBlockId\": \"1a67bc01-5025-49b5-8a86-c5fdd2635693\",\n    \"integrationId\": \"05505f37-2ac4-494f-ac9e-3740f8caa9b2\"\n  }\n]",
          "builtInInputId": "ac190a1d-00b8-5aea-8543-12459dd918a7"
        },
        {
          "inputPort": "input",
          "mapping": "{\"RESPONSE\":{\"triggerType\":\"RESPONSE\",\"triggerBlockId\":\"435fc57a-ebd7-49ca-b4e4-29b8197228dc\",\"hidden\":false,\"position\":0},\"ANNOTATION\":{\"triggerType\":\"ANNOTATION\",\"triggerBlockId\":\"4ee86eda-4207-45d2-b4eb-f5ad75664ecf\",\"hidden\":false,\"position\":1},\"DELIVERYSTATUS\":{\"triggerType\":\"DELIVERYSTATUS\",\"triggerBlockId\":\"3904b62f-1cbc-48c4-8bd5-ce910d3898d6\",\"hidden\":false,\"position\":2},\"STATUS\":{\"triggerType\":\"STATUS\",\"triggerBlockId\":\"8c76ebd3-2edf-4db4-b879-1b6fa36605ce\",\"hidden\":false,\"position\":3}}",
          "builtInInputId": "d5f190c2-4549-5f07-b14d-d51d641cf1e6"
        },
        {
          "inputPort": "input",
          "mapping": "${7592d63b-d3c9-4acf-ab96-3a973c11f555.Priority}",
          "builtInInputId": "3f50d6a7-0fc9-59a1-bd97-8eb19db317bd"
        },
        {
          "inputPort": "input",
          "mapping": "{\"bridgeTypeSelector\":\"USE_OUTPUT_OR_CONSTANT\",\"bridgeTypeInput\":\"${d98bcf45-24f9-4b03-b712-05ca48bde453.Bridge Type}\",\"bridgeIdOrNameInput\":\"${d98bcf45-24f9-4b03-b712-05ca48bde453.xMatters Bridge ID / External Bridge Name}\",\"bridgeNumberInput\":null}",
          "builtInInputId": "707a5098-300e-50d1-8e70-30f1ec2ad99d"
        },
        {
          "inputPort": "input",
          "mapping": "false",
          "builtInInputId": "60992193-3b95-5b4e-adfd-244d5e834d67"
        },
        {
          "inputPort": "input",
          "mapping": "[{\"id\":\"${28b5ebe3-31a2-4cbb-82d8-1d6497b9fabe.recipients}\"}]",
          "builtInInputId": "c2fa8405-6461-5736-9370-96e1dc04be7c"
        }
      ]
    },
    {
      "id": "4ee86eda-4207-45d2-b4eb-f5ad75664ecf",
      "label": "Create Alert with Conference Bridge - Alert Comments",
      "environment": "HOSTED",
      "presentation": "{\"w\":100,\"h\":50}",
      "step": "75310c8b-b7d3-4904-b346-eed6098d58fa",
      "stepType": "INTEGRATION",
      "groupingBlockId": "4d7fc898-aa98-4610-9f2c-b70af1643657"
    },
    {
      "id": "8c76ebd3-2edf-4db4-b879-1b6fa36605ce",
      "label": "Create Alert with Conference Bridge - Alert Status Updates",
      "environment": "HOSTED",
      "presentation": "{\"w\":100,\"h\":50}",
      "step": "c9d2b5e7-6868-43a1-8264-c940a7768203",
      "stepType": "INTEGRATION",
      "groupingBlockId": "4d7fc898-aa98-4610-9f2c-b70af1643657"
    },
    {
      "id": "3904b62f-1cbc-48c4-8bd5-ce910d3898d6",
      "label": "Create Alert with Conference Bridge - Device Delivery Updates",
      "environment": "HOSTED",
      "presentation": "{\"w\":100,\"h\":50}",
      "step": "62f7d7c3-d72e-413e-beec-ceac6e40b457",
      "stepType": "INTEGRATION",
      "groupingBlockId": "4d7fc898-aa98-4610-9f2c-b70af1643657"
    },
    {
      "id": "1a67bc01-5025-49b5-8a86-c5fdd2635693",
      "label": "Create Alert with Conference Bridge - Escalate",
      "environment": "HOSTED",
      "presentation": "{\"w\":100,\"h\":50}",
      "step": "05505f37-2ac4-494f-ac9e-3740f8caa9b2",
      "stepType": "INTEGRATION",
      "groupingBlockId": "4d7fc898-aa98-4610-9f2c-b70af1643657"
    },
    {
      "id": "7aa6eb1a-040c-4494-98b0-2494a84c5a04",
      "label": "Create Alert with Conference Bridge - Join",
      "environment": "HOSTED",
      "presentation": "{\"w\":100,\"h\":50}",
      "step": "5faebd11-0064-4b25-aee1-ae9cbb5098cb",
      "stepType": "INTEGRATION",
      "groupingBlockId": "4d7fc898-aa98-4610-9f2c-b70af1643657"
    },
    {
      "id": "435fc57a-ebd7-49ca-b4e4-29b8197228dc",
      "label": "Create Alert with Conference Bridge - Response",
      "environment": "HOSTED",
      "presentation": "{\"w\":100,\"h\":50}",
      "stepType": "RESPONSES",
      "groupingBlockId": "4d7fc898-aa98-4610-9f2c-b70af1643657"
    },
    {
      "id": "1d36c3ad-029b-4283-9943-0ba80f32c9bc",
      "endpoint": "ServiceNow",
      "label": "Create Incident Task [incident_task]",
      "environment": "HOSTED",
      "presentation": "{\"w\":100,\"x\":440,\"h\":50,\"y\":40}",
      "step": "0f72f673-982b-5995-8a33-f3b9cea454a4",
      "stepType": "SCRIPT_STEP",
      "inputMappings": [
        {
          "inputPort": "input",
          "mapping": "{\"value\":\"incident_task\",\"label\":\"Incident Task [incident_task]\"}",
          "stepInput": "06259b05-e876-50c3-a67d-1438da28be9d"
        },
        {
          "inputPort": "input",
          "mapping": "[]",
          "stepInput": "749f1ce7-6f3c-59dd-8a74-f34448c3d58f"
        },
        {
          "inputPort": "input",
          "mapping": "[{\"dataOriginPointer\":{\"value\":\"short_description\",\"label\":\"Short description\",\"type\":\"string\",\"mandatory\":true},\"id\":\"80f51e33-bdb1-479e-8ac1-f3f2a61e6c06\",\"name\":\"Short description\",\"position\":0,\"failIfEmpty\":true,\"inputValue\":\"Engage: ${28b5ebe3-31a2-4cbb-82d8-1d6497b9fabe.properties.Subject}\"},{\"dataOriginPointer\":{\"value\":\"work_notes\",\"label\":\"Work notes\",\"type\":\"journal_input\",\"mandatory\":false},\"id\":\"93d775fa-46e6-47b0-b71b-541168e1cb60\",\"name\":\"Work notes\",\"position\":1,\"failIfEmpty\":false,\"inputValue\":\"Initiating Engage with xMatters request\"},{\"dataOriginPointer\":{\"value\":\"incident\",\"label\":\"Incident\",\"type\":\"reference\",\"reference\":\"incident\",\"mandatory\":false},\"id\":\"0c597784-864f-4055-aba5-c9907bf3c24f\",\"name\":\"Incident\",\"position\":2,\"failIfEmpty\":false,\"inputValue\":\"${28b5ebe3-31a2-4cbb-82d8-1d6497b9fabe.Record ID}\"},{\"dataOriginPointer\":{\"value\":\"priority\",\"label\":\"Priority\",\"type\":\"choice\",\"mandatory\":false},\"id\":\"3e71bb54-f55f-4c61-b336-37f4b0ddd1e3\",\"name\":\"Priority\",\"position\":3,\"failIfEmpty\":false,\"inputValue\":\"${28b5ebe3-31a2-4cbb-82d8-1d6497b9fabe.Priority}\"},{\"dataOriginPointer\":{\"value\":\"description\",\"label\":\"Description\",\"type\":\"string\",\"mandatory\":false},\"id\":\"5fb05ff6-d432-40b9-a189-324c2b2588a2\",\"name\":\"Description\",\"position\":4,\"failIfEmpty\":false,\"inputValue\":\"${28b5ebe3-31a2-4cbb-82d8-1d6497b9fabe.properties.Message}\"}]",
          "stepInput": "07cd5a35-9fc6-5429-ae44-1720ff95e125"
        }
      ]
    },
    {
      "id": "53467212-ca8f-4d80-875a-ccfda76b0587",
      "label": "Create xMatters Bridge",
      "environment": "HOSTED",
      "presentation": "{\"w\":100,\"x\":880,\"h\":50,\"y\":191}",
      "step": "75491e0d-3544-5fcb-9865-c9667e24f23b",
      "stepType": "SCRIPT_STEP",
      "inputMappings": [
        {
          "inputPort": "input",
          "mapping": "Engage - ${28b5ebe3-31a2-4cbb-82d8-1d6497b9fabe.Number} - ${28b5ebe3-31a2-4cbb-82d8-1d6497b9fabe.properties.Subject}",
          "stepInput": "9c1ab108-9ac1-5628-84b3-fb555c40d9e1"
        },
        {
          "inputPort": "input",
          "mapping": "xMatters conference bridge for ServiceNow incident ${28b5ebe3-31a2-4cbb-82d8-1d6497b9fabe.Number} - ${28b5ebe3-31a2-4cbb-82d8-1d6497b9fabe.Short description}",
          "stepInput": "678afcfb-ca2a-5f7a-ba30-2e270ecd57fb"
        }
      ]
    },
    {
      "id": "28b5ebe3-31a2-4cbb-82d8-1d6497b9fabe",
      "endpoint": "ServiceNow",
      "label": "Engage with xMatters - ServiceNow Action",
      "environment": "HOSTED",
      "presentation": "{\"w\":100,\"x\":0,\"h\":50,\"y\":40}",
      "step": "84ac166c-6a1d-4f8d-a911-c545be8f7363",
      "stepType": "INTEGRATION",
      "inputMappings": [
        {
          "inputPort": "input",
          "mapping": "{\"value\":\"incident\",\"label\":\"Incident [incident]\"}",
          "stepInput": "8e795285-7ea2-5292-8014-2ed94a9beb84"
        },
        {
          "inputPort": "input",
          "mapping": "[{\"dataOriginPointer\":{\"value\":\"number\",\"label\":\"Number\",\"atDepth\":[\"primaryRecord\",\"number\"],\"type\":\"string\"},\"id\":\"4baf9695-d46e-45e2-b87c-0b7b9c80f53a\",\"name\":\"Number\",\"description\":\"Unique identifier assigned to the incident by ServiceNow.\",\"isShadowOf\":\"\",\"groupIndex\":0,\"position\":0},{\"dataOriginPointer\":{\"value\":\"state\",\"label\":\"State\",\"atDepth\":[\"primaryRecord\",\"state\"],\"type\":\"choice\"},\"id\":\"0f8d3bd1-e414-4cba-892e-7ccb42e0afb0\",\"name\":\"State\",\"description\":\"The state of the incident in ServiceNow.\",\"isShadowOf\":\"\",\"groupIndex\":1,\"position\":1},{\"dataOriginPointer\":{\"value\":\"priority\",\"label\":\"Priority\",\"atDepth\":[\"primaryRecord\",\"priority\"],\"type\":\"choice\"},\"id\":\"2823704d-de61-4583-b61d-533cf81f8d96\",\"name\":\"Priority\",\"description\":\"The priority of the incident in ServiceNow.\",\"isShadowOf\":\"\",\"groupIndex\":2,\"position\":2},{\"dataOriginPointer\":{\"value\":\"short_description\",\"label\":\"Short description\",\"atDepth\":[\"primaryRecord\",\"short_description\"],\"type\":\"string\"},\"id\":\"29c61421-9cc2-44ce-9fe2-e2349a989bf8\",\"name\":\"Short description\",\"description\":\"A short description of the incident.\",\"isShadowOf\":\"\",\"groupIndex\":3,\"position\":3},{\"dataOriginPointer\":{\"value\":\"caller_id\",\"label\":\"Caller\",\"atDepth\":[\"primaryRecord\",\"caller_id\",\"display_value\"],\"type\":\"reference\",\"reference\":\"sys_user\"},\"id\":\"359275f9-00ff-476d-8ecb-e396ddaf2acd\",\"name\":\"Caller\",\"description\":\"The ServiceNow user affected by the incident. The Caller or another user can open the incident.\",\"isShadowOf\":\"\",\"groupIndex\":4,\"position\":4},{\"dataOriginPointer\":{\"value\":\"caller_id\",\"label\":\"Caller\",\"atDepth\":[\"primaryRecord\",\"caller_id\",\"sys_id\"]},\"id\":\"0c0cae66-8494-4fc6-ab0a-56d6c4ed8e0d\",\"name\":\"Caller - Record ID\",\"description\":\"The ServiceNow user affected by the incident. The Caller or another user can open the incident. {current.calle\",\"isShadowOf\":\"359275f9-00ff-476d-8ecb-e396ddaf2acd\",\"groupIndex\":4,\"position\":5},{\"dataOriginPointer\":{\"value\":\"caller_id\",\"label\":\"Caller\",\"atDepth\":[\"primaryRecord\",\"caller_id\",\"username\"]},\"id\":\"75167cae-39fa-4352-9cff-b23a71f535ff\",\"name\":\"Caller - Username\",\"description\":\"The ServiceNow user affected by the incident. The Caller or another user can open the incident. {current.calle\",\"isShadowOf\":\"359275f9-00ff-476d-8ecb-e396ddaf2acd\",\"groupIndex\":4,\"position\":6}]",
          "stepInput": "66eba304-6f4b-5a03-9cbb-5f372f0227b6"
        }
      ]
    },
    {
      "id": "cfab2a3e-2bf2-45d9-8b38-ed7d3fa3c955",
      "label": "Get External Bridge",
      "environment": "HOSTED",
      "presentation": "{\"w\":100,\"x\":880,\"h\":50,\"y\":493}",
      "step": "4204a980-abe6-5ba4-a949-bdb0687e77a1",
      "stepType": "SCRIPT_STEP",
      "inputMappings": [
        {
          "inputPort": "input",
          "mapping": "${28b5ebe3-31a2-4cbb-82d8-1d6497b9fabe.conference.bridge.id}",
          "stepInput": "a89a0b35-e529-5a34-81ca-4e231b748e8b"
        }
      ]
    },
    {
      "id": "08179994-cfbb-4e5a-a099-68874d50bede",
      "label": "Get xMatters Bridge",
      "environment": "HOSTED",
      "presentation": "{\"w\":100,\"x\":880,\"h\":50,\"y\":342}",
      "step": "4204a980-abe6-5ba4-a949-bdb0687e77a1",
      "stepType": "SCRIPT_STEP",
      "inputMappings": [
        {
          "inputPort": "input",
          "mapping": "${28b5ebe3-31a2-4cbb-82d8-1d6497b9fabe.conference.bridge.id}",
          "stepInput": "a89a0b35-e529-5a34-81ca-4e231b748e8b"
        }
      ]
    },
    {
      "id": "7592d63b-d3c9-4acf-ab96-3a973c11f555",
      "label": "Map Alert Priority",
      "environment": "HOSTED",
      "presentation": "{\"w\":100,\"x\":220,\"h\":50,\"y\":40}",
      "step": "3dfb1912-ac8e-511c-bda2-bfa26468f45f",
      "stepType": "SCRIPT_STEP",
      "inputMappings": [
        {
          "inputPort": "input",
          "mapping": "${28b5ebe3-31a2-4cbb-82d8-1d6497b9fabe.properties.Task Priority}",
          "stepInput": "de18abef-205c-5537-a66f-fcf40ac45134"
        },
        {
          "inputPort": "input",
          "mapping": "Medium",
          "stepInput": "db13181c-e7c8-500a-8f9d-45376d595292"
        },
        {
          "inputPort": "input",
          "mapping": "1 - Critical\n2 - High",
          "stepInput": "38903fed-af50-53ad-9e48-6322307154d8"
        },
        {
          "inputPort": "input",
          "mapping": "3 - Moderate",
          "stepInput": "7d42564d-e817-5e69-a7ad-6ffdeb3c315d"
        },
        {
          "inputPort": "input",
          "mapping": "4 - Low\n5 - Planning",
          "stepInput": "64aa4130-e2a6-5823-b3d1-68462fbbbb71"
        },
        {
          "inputPort": "input",
          "mapping": "false",
          "stepInput": "c1563ca7-b0e8-5095-879a-389bb86355f8"
        },
        {
          "inputPort": "input",
          "mapping": "false",
          "stepInput": "06e6f151-5984-56f5-8f57-d939f26423be"
        }
      ]
    },
    {
      "id": "d98bcf45-24f9-4b03-b712-05ca48bde453",
      "label": "Merge Conference Bridge Details",
      "environment": "HOSTED",
      "presentation": "{\"w\":100,\"x\":1100,\"h\":50,\"y\":191}",
      "stepType": "MERGE",
      "inputMappings": [
        {
          "inputPort": "cfab2a3e-2bf2-45d9-8b38-ed7d3fa3c955",
          "mapping": "${cfab2a3e-2bf2-45d9-8b38-ed7d3fa3c955.Bridge ID}",
          "outputId": "cdb5e992-23a0-4572-9ca9-d4fd4eccc365"
        },
        {
          "inputPort": "cfab2a3e-2bf2-45d9-8b38-ed7d3fa3c955",
          "mapping": "${cfab2a3e-2bf2-45d9-8b38-ed7d3fa3c955.Name}",
          "outputId": "154c93f9-0075-4c92-b51c-e6fc1a494500"
        },
        {
          "inputPort": "08179994-cfbb-4e5a-a099-68874d50bede",
          "mapping": "${08179994-cfbb-4e5a-a099-68874d50bede.Bridge ID}",
          "outputId": "cdb5e992-23a0-4572-9ca9-d4fd4eccc365"
        },
        {
          "inputPort": "08179994-cfbb-4e5a-a099-68874d50bede",
          "mapping": "${08179994-cfbb-4e5a-a099-68874d50bede.Toll-Free Number}",
          "outputId": "d14e77b0-01be-4bf0-ac0a-9c63ea3826af"
        },
        {
          "inputPort": "cfab2a3e-2bf2-45d9-8b38-ed7d3fa3c955",
          "mapping": "${28b5ebe3-31a2-4cbb-82d8-1d6497b9fabe.conference.bridge.type}",
          "outputId": "ed4bdc6c-d0c7-4eec-8b01-3b8a7fc70081"
        },
        {
          "inputPort": "53467212-ca8f-4d80-875a-ccfda76b0587",
          "mapping": "${28b5ebe3-31a2-4cbb-82d8-1d6497b9fabe.conference.bridge.type}",
          "outputId": "ed4bdc6c-d0c7-4eec-8b01-3b8a7fc70081"
        },
        {
          "inputPort": "08179994-cfbb-4e5a-a099-68874d50bede",
          "mapping": "${08179994-cfbb-4e5a-a099-68874d50bede.Toll Number}",
          "outputId": "4efd8052-169d-4e11-aff1-e40cd9f5014f"
        },
        {
          "inputPort": "08179994-cfbb-4e5a-a099-68874d50bede",
          "mapping": "${08179994-cfbb-4e5a-a099-68874d50bede.Bridge ID}",
          "outputId": "154c93f9-0075-4c92-b51c-e6fc1a494500"
        },
        {
          "inputPort": "53467212-ca8f-4d80-875a-ccfda76b0587",
          "mapping": "${53467212-ca8f-4d80-875a-ccfda76b0587.Toll-Free Number}",
          "outputId": "d14e77b0-01be-4bf0-ac0a-9c63ea3826af"
        },
        {
          "inputPort": "cfab2a3e-2bf2-45d9-8b38-ed7d3fa3c955",
          "mapping": "${cfab2a3e-2bf2-45d9-8b38-ed7d3fa3c955.Toll Number}",
          "outputId": "4efd8052-169d-4e11-aff1-e40cd9f5014f"
        },
        {
          "inputPort": "53467212-ca8f-4d80-875a-ccfda76b0587",
          "mapping": "${28b5ebe3-31a2-4cbb-82d8-1d6497b9fabe.conference.bridge.id}",
          "outputId": "154c93f9-0075-4c92-b51c-e6fc1a494500"
        },
        {
          "inputPort": "53467212-ca8f-4d80-875a-ccfda76b0587",
          "mapping": "${53467212-ca8f-4d80-875a-ccfda76b0587.Toll Number}",
          "outputId": "4efd8052-169d-4e11-aff1-e40cd9f5014f"
        },
        {
          "inputPort": "cfab2a3e-2bf2-45d9-8b38-ed7d3fa3c955",
          "mapping": "${cfab2a3e-2bf2-45d9-8b38-ed7d3fa3c955.Toll-Free Number}",
          "outputId": "d14e77b0-01be-4bf0-ac0a-9c63ea3826af"
        },
        {
          "inputPort": "53467212-ca8f-4d80-875a-ccfda76b0587",
          "mapping": "${53467212-ca8f-4d80-875a-ccfda76b0587.Bridge ID}",
          "outputId": "cdb5e992-23a0-4572-9ca9-d4fd4eccc365"
        },
        {
          "inputPort": "08179994-cfbb-4e5a-a099-68874d50bede",
          "mapping": "${28b5ebe3-31a2-4cbb-82d8-1d6497b9fabe.conference.bridge.type}",
          "outputId": "ed4bdc6c-d0c7-4eec-8b01-3b8a7fc70081"
        }
      ],
      "mergeOutputs": [
        {
          "outputId": "ed4bdc6c-d0c7-4eec-8b01-3b8a7fc70081",
          "name": "Bridge Type",
          "order": 0
        },
        {
          "outputId": "154c93f9-0075-4c92-b51c-e6fc1a494500",
          "name": "xMatters Bridge ID / External Bridge Name",
          "order": 1
        },
        {
          "outputId": "d14e77b0-01be-4bf0-ac0a-9c63ea3826af",
          "name": "Toll-Free Number",
          "order": 2
        },
        {
          "outputId": "4efd8052-169d-4e11-aff1-e40cd9f5014f",
          "name": "Toll Number",
          "order": 3
        },
        {
          "outputId": "cdb5e992-23a0-4572-9ca9-d4fd4eccc365",
          "name": "Bridge ID",
          "order": 4
        }
      ]
    },
    {
      "id": "877113fb-9412-4ca0-b891-afe1d52e8537",
      "endpoint": "ServiceNow",
      "label": "Update Incident Task",
      "environment": "HOSTED",
      "presentation": "{\"w\":100,\"x\":1760,\"h\":50,\"y\":1416}",
      "step": "cc8d9236-e916-576d-bf74-da8a5141b394",
      "stepType": "SCRIPT_STEP",
      "inputMappings": [
        {
          "inputPort": "input",
          "mapping": "{\"value\":\"incident_task\",\"label\":\"Incident Task [incident_task]\"}",
          "stepInput": "35e3c626-24df-5cb6-aa86-a92a1c62eb92"
        },
        {
          "inputPort": "input",
          "mapping": "[{\"dataOriginPointer\":{\"value\":\"state\",\"label\":\"State\",\"type\":\"choice\"},\"id\":\"0bbba8b6-125e-4c39-a2bc-a809589c124b\",\"name\":\"State\",\"position\":0,\"failIfEmpty\":false,\"inputValue\":\"Work in Progress\"},{\"dataOriginPointer\":{\"value\":\"work_notes\",\"label\":\"Work notes\",\"type\":\"journal_input\"},\"id\":\"e8eca7ed-da02-464b-9b93-c90b6707ec1a\",\"name\":\"Work notes\",\"position\":1,\"failIfEmpty\":false,\"inputValue\":\"(Engage - ${4d7fc898-aa98-4610-9f2c-b70af1643657.alert.alertId}) Engage alert initiated.[code]<ul><li><b>Alert ID:</b> ${4d7fc898-aa98-4610-9f2c-b70af1643657.alert.alertId}</li><li><b>Recipients:</b> ${28b5ebe3-31a2-4cbb-82d8-1d6497b9fabe.recipients}</li><li><b>Subject:</b> ${28b5ebe3-31a2-4cbb-82d8-1d6497b9fabe.properties.Subject}</li><li><b>Message:</b> ${28b5ebe3-31a2-4cbb-82d8-1d6497b9fabe.properties.Message}</li><li><b>Conference Details:</b><ul><li><b>Toll-Free Number:</b> ${d98bcf45-24f9-4b03-b712-05ca48bde453.Toll-Free Number}</li><li><b>Toll Number:</b> ${d98bcf45-24f9-4b03-b712-05ca48bde453.Toll Number}</li><li><b>Bridge ID:</b> ${d98bcf45-24f9-4b03-b712-05ca48bde453.Bridge ID}</b></li></ul></ul>[/code]\"}]",
          "stepInput": "1d154f73-037b-5a2f-8518-e6fef6434a61"
        },
        {
          "inputPort": "input",
          "mapping": "${1d36c3ad-029b-4283-9943-0ba80f32c9bc.Record ID}",
          "stepInput": "f26018b2-ec77-5ef6-b2ff-7477afe47b89"
        }
      ]
    },
    {
      "id": "92a24b06-73cd-4151-9aac-defd1bae151a",
      "endpoint": "ServiceNow",
      "label": "Update Incident Task",
      "environment": "HOSTED",
      "presentation": "{\"w\":100,\"x\":1760,\"h\":50,\"y\":1567}",
      "step": "cc8d9236-e916-576d-bf74-da8a5141b394",
      "stepType": "SCRIPT_STEP",
      "inputMappings": [
        {
          "inputPort": "input",
          "mapping": "{\"value\":\"incident_task\",\"label\":\"Incident Task [incident_task]\"}",
          "stepInput": "35e3c626-24df-5cb6-aa86-a92a1c62eb92"
        },
        {
          "inputPort": "input",
          "mapping": "[]",
          "stepInput": "5b0f86f3-c3aa-5ed8-8871-02c6bf5891bd"
        },
        {
          "inputPort": "input",
          "mapping": "[{\"dataOriginPointer\":{\"value\":\"state\",\"label\":\"State\",\"type\":\"choice\"},\"id\":\"4f6aa7c5-c430-4e55-b60a-3170af9b1c39\",\"name\":\"State\",\"position\":0,\"failIfEmpty\":false,\"inputValue\":\"Closed Incomplete\"},{\"dataOriginPointer\":{\"value\":\"work_notes\",\"label\":\"Work notes\",\"type\":\"journal_input\"},\"id\":\"1b442c72-03f8-4a66-b843-8c71fb6401e7\",\"name\":\"Work notes\",\"position\":1,\"failIfEmpty\":false,\"inputValue\":\"(Engage - ${4d7fc898-aa98-4610-9f2c-b70af1643657.alert.alertId}) [code]Alert has been <b>terminated</b> with <b>no response</b>.[/code]\"}]",
          "stepInput": "1d154f73-037b-5a2f-8518-e6fef6434a61"
        },
        {
          "inputPort": "input",
          "mapping": "${1d36c3ad-029b-4283-9943-0ba80f32c9bc.Record ID}",
          "stepInput": "f26018b2-ec77-5ef6-b2ff-7477afe47b89"
        }
      ]
    },
    {
      "id": "0872a866-8d5f-4c0b-9fc4-af44a023d4d4",
      "endpoint": "ServiceNow",
      "label": "Update Incident Task",
      "environment": "HOSTED",
      "presentation": "{\"w\":100,\"x\":1540,\"h\":50,\"y\":559}",
      "step": "cc8d9236-e916-576d-bf74-da8a5141b394",
      "stepType": "SCRIPT_STEP",
      "inputMappings": [
        {
          "inputPort": "input",
          "mapping": "{\"value\":\"incident_task\",\"label\":\"Incident Task [incident_task]\"}",
          "stepInput": "35e3c626-24df-5cb6-aa86-a92a1c62eb92"
        },
        {
          "inputPort": "input",
          "mapping": "[]",
          "stepInput": "5b0f86f3-c3aa-5ed8-8871-02c6bf5891bd"
        },
        {
          "inputPort": "input",
          "mapping": "[{\"dataOriginPointer\":{\"value\":\"state\",\"label\":\"State\",\"type\":\"choice\"},\"id\":\"ff675a32-cf07-44a7-b37d-d2c588a59e21\",\"name\":\"State\",\"inputValue\":\"Closed Complete\",\"position\":0,\"failIfEmpty\":false},{\"dataOriginPointer\":{\"value\":\"assigned_to\",\"label\":\"Assigned to\",\"type\":\"reference\",\"reference\":\"sys_user\"},\"id\":\"66655852-86b3-44cc-9866-e2cddad60ad4\",\"name\":\"Assigned to\",\"position\":1,\"failIfEmpty\":false,\"inputValue\":\"${4d7fc898-aa98-4610-9f2c-b70af1643657.respondedTo.by.targetName}\"},{\"dataOriginPointer\":{\"value\":\"work_notes\",\"label\":\"Work notes\",\"type\":\"journal_input\"},\"id\":\"d4acb15b-2a8a-4281-8bee-af94b3d50b33\",\"name\":\"Work notes\",\"position\":2,\"failIfEmpty\":false,\"inputValue\":\"(Engage - ${4d7fc898-aa98-4610-9f2c-b70af1643657.alert.alertId}) [code]<b>${4d7fc898-aa98-4610-9f2c-b70af1643657.respondedTo.by.firstName} ${4d7fc898-aa98-4610-9f2c-b70af1643657.respondedTo.by.lastName} (${4d7fc898-aa98-4610-9f2c-b70af1643657.respondedTo.by.targetName})</b> responded: <b>${4d7fc898-aa98-4610-9f2c-b70af1643657.response.response}</b>[/code]\"}]",
          "stepInput": "1d154f73-037b-5a2f-8518-e6fef6434a61"
        },
        {
          "inputPort": "input",
          "mapping": "${1d36c3ad-029b-4283-9943-0ba80f32c9bc.Record ID}",
          "stepInput": "f26018b2-ec77-5ef6-b2ff-7477afe47b89"
        }
      ]
    },
    {
      "id": "54af11f2-9f74-4658-80c1-64f2b8879196",
      "endpoint": "ServiceNow",
      "label": "Update Incident Task",
      "environment": "HOSTED",
      "presentation": "{\"w\":100,\"x\":1760,\"h\":50,\"y\":1718}",
      "step": "cc8d9236-e916-576d-bf74-da8a5141b394",
      "stepType": "SCRIPT_STEP",
      "inputMappings": [
        {
          "inputPort": "input",
          "mapping": "{\"value\":\"incident_task\",\"label\":\"Incident Task [incident_task]\"}",
          "stepInput": "35e3c626-24df-5cb6-aa86-a92a1c62eb92"
        },
        {
          "inputPort": "input",
          "mapping": "[{\"dataOriginPointer\":{\"value\":\"state\",\"label\":\"State\",\"type\":\"choice\"},\"id\":\"d2d2c4f7-4473-493d-a688-c49e49fb68e6\",\"name\":\"State\",\"position\":0,\"failIfEmpty\":false,\"inputValue\":\"Closed Complete\"}]",
          "stepInput": "1d154f73-037b-5a2f-8518-e6fef6434a61"
        },
        {
          "inputPort": "input",
          "mapping": "${1d36c3ad-029b-4283-9943-0ba80f32c9bc.Record ID}",
          "stepInput": "f26018b2-ec77-5ef6-b2ff-7477afe47b89"
        }
      ]
    },
    {
      "id": "635d9e5f-9ace-4030-a012-16f2b728b1b7",
      "endpoint": "ServiceNow",
      "label": "Update Incident Task",
      "environment": "HOSTED",
      "presentation": "{\"w\":100,\"x\":1100,\"h\":50,\"y\":1012}",
      "step": "cc8d9236-e916-576d-bf74-da8a5141b394",
      "stepType": "SCRIPT_STEP",
      "inputMappings": [
        {
          "inputPort": "input",
          "mapping": "{\"value\":\"incident_task\",\"label\":\"Incident Task [incident_task]\"}",
          "stepInput": "35e3c626-24df-5cb6-aa86-a92a1c62eb92"
        },
        {
          "inputPort": "input",
          "mapping": "[{\"dataOriginPointer\":{\"value\":\"state\",\"label\":\"State\",\"type\":\"choice\"},\"id\":\"b3c364be-5d46-4da4-8735-7bab0b7095cb\",\"name\":\"State\",\"position\":0,\"failIfEmpty\":false,\"inputValue\":\"Closed Complete\"},{\"dataOriginPointer\":{\"value\":\"assigned_to\",\"label\":\"Assigned to\",\"type\":\"reference\",\"reference\":\"sys_user\"},\"id\":\"6586e0a5-0540-47a5-8e83-06b7406e58cb\",\"name\":\"Assigned to\",\"position\":1,\"failIfEmpty\":false,\"inputValue\":\"${c2091111-3dfa-4f0c-a848-df6d0300da15.respondedTo.by.targetName}\"},{\"dataOriginPointer\":{\"value\":\"work_notes\",\"label\":\"Work notes\",\"type\":\"journal_input\"},\"id\":\"c22c6d3e-aa3b-42e6-b77e-ea2ad62d894e\",\"name\":\"Work notes\",\"position\":2,\"failIfEmpty\":false,\"inputValue\":\"(Engage - ${c2091111-3dfa-4f0c-a848-df6d0300da15.alert.alertId}) [code]<b>${c2091111-3dfa-4f0c-a848-df6d0300da15.respondedTo.by.firstName} ${c2091111-3dfa-4f0c-a848-df6d0300da15.respondedTo.by.lastName} (${c2091111-3dfa-4f0c-a848-df6d0300da15.respondedTo.by.targetName})</b> responded: <b>${c2091111-3dfa-4f0c-a848-df6d0300da15.response.response}</b>[/code]\"}]",
          "stepInput": "1d154f73-037b-5a2f-8518-e6fef6434a61"
        },
        {
          "inputPort": "input",
          "mapping": "${1d36c3ad-029b-4283-9943-0ba80f32c9bc.Record ID}",
          "stepInput": "f26018b2-ec77-5ef6-b2ff-7477afe47b89"
        }
      ]
    },
    {
      "id": "7b7a99fd-e0db-4f40-b7a9-083b3236ab09",
      "endpoint": "ServiceNow",
      "label": "Update Incident Task",
      "environment": "HOSTED",
      "presentation": "{\"w\":100,\"x\":1320,\"h\":50,\"y\":2020}",
      "step": "cc8d9236-e916-576d-bf74-da8a5141b394",
      "stepType": "SCRIPT_STEP",
      "inputMappings": [
        {
          "inputPort": "input",
          "mapping": "{\"value\":\"incident_task\",\"label\":\"Incident Task [incident_task]\"}",
          "stepInput": "35e3c626-24df-5cb6-aa86-a92a1c62eb92"
        },
        {
          "inputPort": "input",
          "mapping": "[{\"dataOriginPointer\":{\"value\":\"state\",\"label\":\"State\",\"type\":\"choice\"},\"id\":\"40ce2653-f552-474a-83be-5d97a9d37a02\",\"name\":\"State\",\"position\":0,\"failIfEmpty\":false,\"inputValue\":\"Closed Incomplete\"},{\"dataOriginPointer\":{\"value\":\"work_notes\",\"label\":\"Work notes\",\"type\":\"journal_input\"},\"id\":\"cf0121e9-1919-4bdb-8788-69771dded4f0\",\"name\":\"Work notes\",\"position\":1,\"failIfEmpty\":false,\"inputValue\":\"(Engage - ${c2091111-3dfa-4f0c-a848-df6d0300da15.alert.alertId}) [code]Alert has been <b>terminated</b> with <b>no response</b>.[/code]\"}]",
          "stepInput": "1d154f73-037b-5a2f-8518-e6fef6434a61"
        },
        {
          "inputPort": "input",
          "mapping": "${1d36c3ad-029b-4283-9943-0ba80f32c9bc.Record ID}",
          "stepInput": "f26018b2-ec77-5ef6-b2ff-7477afe47b89"
        }
      ]
    },
    {
      "id": "268bb07c-84c6-4664-a15a-47c12e4d7156",
      "endpoint": "ServiceNow",
      "label": "Update Record - Incident Task [incident_task]",
      "environment": "HOSTED",
      "presentation": "{\"w\":100,\"x\":1320,\"h\":50,\"y\":1869}",
      "step": "cc8d9236-e916-576d-bf74-da8a5141b394",
      "stepType": "SCRIPT_STEP",
      "inputMappings": [
        {
          "inputPort": "input",
          "mapping": "{\"value\":\"incident_task\",\"label\":\"Incident Task [incident_task]\"}",
          "stepInput": "35e3c626-24df-5cb6-aa86-a92a1c62eb92"
        },
        {
          "inputPort": "input",
          "mapping": "[]",
          "stepInput": "5b0f86f3-c3aa-5ed8-8871-02c6bf5891bd"
        },
        {
          "inputPort": "input",
          "mapping": "[{\"dataOriginPointer\":{\"value\":\"state\",\"label\":\"State\",\"type\":\"choice\"},\"id\":\"08f6c414-7352-4f02-8f87-a39ede684224\",\"name\":\"State\",\"position\":0,\"failIfEmpty\":false,\"inputValue\":\"Work in Progress\"},{\"dataOriginPointer\":{\"value\":\"work_notes\",\"label\":\"Work notes\",\"type\":\"journal_input\"},\"id\":\"3c47e203-90a7-4e27-83f1-6261315c4955\",\"name\":\"Work notes\",\"position\":1,\"failIfEmpty\":false,\"inputValue\":\"(Engage - ${c2091111-3dfa-4f0c-a848-df6d0300da15.alert.alertId}) Engage alert initiated.[code]<ul><li><b>Alert ID:</b> ${c2091111-3dfa-4f0c-a848-df6d0300da15.alert.alertId}</li><li><b>Recipients:</b> ${28b5ebe3-31a2-4cbb-82d8-1d6497b9fabe.recipients}</li><li><b>Subject:</b> ${28b5ebe3-31a2-4cbb-82d8-1d6497b9fabe.properties.Subject}</li><li><b>Message:</b> ${28b5ebe3-31a2-4cbb-82d8-1d6497b9fabe.properties.Message}</li></ul>[/code]\"}]",
          "stepInput": "1d154f73-037b-5a2f-8518-e6fef6434a61"
        },
        {
          "inputPort": "input",
          "mapping": "${1d36c3ad-029b-4283-9943-0ba80f32c9bc.Record ID}",
          "stepInput": "f26018b2-ec77-5ef6-b2ff-7477afe47b89"
        }
      ]
    },
    {
      "id": "3cc4fc4a-4e9f-4209-990e-d94bc8b23413",
      "endpoint": "ServiceNow",
      "label": "Update Record - Incident Task [incident_task]",
      "environment": "HOSTED",
      "presentation": "{\"w\":100,\"x\":1320,\"h\":50,\"y\":2171}",
      "step": "cc8d9236-e916-576d-bf74-da8a5141b394",
      "stepType": "SCRIPT_STEP",
      "inputMappings": [
        {
          "inputPort": "input",
          "mapping": "{\"value\":\"incident_task\",\"label\":\"Incident Task [incident_task]\"}",
          "stepInput": "35e3c626-24df-5cb6-aa86-a92a1c62eb92"
        },
        {
          "inputPort": "input",
          "mapping": "[{\"dataOriginPointer\":{\"value\":\"state\",\"label\":\"State\",\"type\":\"choice\"},\"id\":\"f48a2e35-2530-4345-8f37-947423476db5\",\"name\":\"State\",\"position\":0,\"failIfEmpty\":false,\"inputValue\":\"Closed Complete\"}]",
          "stepInput": "1d154f73-037b-5a2f-8518-e6fef6434a61"
        },
        {
          "inputPort": "input",
          "mapping": "${1d36c3ad-029b-4283-9943-0ba80f32c9bc.Record ID}",
          "stepInput": "f26018b2-ec77-5ef6-b2ff-7477afe47b89"
        }
      ]
    }
  ],
  "edges": [
    {
      "fromBlock": "8c76ebd3-2edf-4db4-b879-1b6fa36605ce",
      "fromPort": "output",
      "toBlock": "0550de76-bca9-40f1-8eeb-b32b029081b1",
      "toPort": "input"
    },
    {
      "fromBlock": "b8f415bd-b95a-4bbd-8284-ee1105e208aa",
      "fromPort": "output",
      "toBlock": "3260b539-6035-4f52-bd43-2b567ccc6537",
      "toPort": "input"
    },
    {
      "fromBlock": "c8a4799d-50b8-41f7-8317-2ce92aa053ca",
      "fromPort": "output",
      "toBlock": "630491e3-7aa6-4d0f-afbc-869ad536aa4b",
      "toPort": "input"
    },
    {
      "fromBlock": "cfab2a3e-2bf2-45d9-8b38-ed7d3fa3c955",
      "fromPort": "output",
      "toBlock": "d98bcf45-24f9-4b03-b712-05ca48bde453",
      "toPort": "cfab2a3e-2bf2-45d9-8b38-ed7d3fa3c955"
    },
    {
      "fromBlock": "d98bcf45-24f9-4b03-b712-05ca48bde453",
      "fromPort": "output",
      "toBlock": "4d7fc898-aa98-4610-9f2c-b70af1643657",
      "toPort": "input"
    },
    {
      "fromBlock": "dad78198-2601-4b0d-ba57-fb771ffd4dc5",
      "fromPort": "output",
      "toBlock": "c2091111-3dfa-4f0c-a848-df6d0300da15",
      "toPort": "input"
    },
    {
      "fromBlock": "dad78198-2601-4b0d-ba57-fb771ffd4dc5",
      "fromPort": "ca78dec5-78e8-4f28-93d2-8c04aae0c22b",
      "toBlock": "cfab2a3e-2bf2-45d9-8b38-ed7d3fa3c955",
      "toPort": "input"
    },
    {
      "fromBlock": "dad78198-2601-4b0d-ba57-fb771ffd4dc5",
      "fromPort": "3a0397ed-5c5f-4366-b36f-528c7f84bcf9",
      "toBlock": "08179994-cfbb-4e5a-a099-68874d50bede",
      "toPort": "input"
    },
    {
      "fromBlock": "dad78198-2601-4b0d-ba57-fb771ffd4dc5",
      "fromPort": "87a5ff1e-58f7-4d50-a704-3a9a6e91ca4f",
      "toBlock": "53467212-ca8f-4d80-875a-ccfda76b0587",
      "toPort": "input"
    },
    {
      "fromBlock": "0550de76-bca9-40f1-8eeb-b32b029081b1",
      "fromPort": "cafc3742-32bc-42df-80a9-2772ca7b2961",
      "toBlock": "877113fb-9412-4ca0-b891-afe1d52e8537",
      "toPort": "input"
    },
    {
      "fromBlock": "0550de76-bca9-40f1-8eeb-b32b029081b1",
      "fromPort": "b17bc9c4-8127-423d-b453-f4d972ff9ad9",
      "toBlock": "92a24b06-73cd-4151-9aac-defd1bae151a",
      "toPort": "input"
    },
    {
      "fromBlock": "0550de76-bca9-40f1-8eeb-b32b029081b1",
      "fromPort": "a84d6453-85ae-4d11-8d64-818262f078d7",
      "toBlock": "54af11f2-9f74-4658-80c1-64f2b8879196",
      "toPort": "input"
    },
    {
      "fromBlock": "08179994-cfbb-4e5a-a099-68874d50bede",
      "fromPort": "output",
      "toBlock": "d98bcf45-24f9-4b03-b712-05ca48bde453",
      "toPort": "08179994-cfbb-4e5a-a099-68874d50bede"
    },
    {
      "fromBlock": "1a67bc01-5025-49b5-8a86-c5fdd2635693",
      "fromPort": "output",
      "toBlock": "dea3d746-567b-45f1-a6e3-d71342893343",
      "toPort": "input"
    },
    {
      "fromBlock": "1d36c3ad-029b-4283-9943-0ba80f32c9bc",
      "fromPort": "output",
      "toBlock": "dad78198-2601-4b0d-ba57-fb771ffd4dc5",
      "toPort": "input"
    },
    {
      "fromBlock": "22bf0066-c267-44bd-b307-2bc4352351df",
      "fromPort": "893db073-7484-4bce-aaac-5e19828d6536",
      "toBlock": "268bb07c-84c6-4664-a15a-47c12e4d7156",
      "toPort": "input"
    },
    {
      "fromBlock": "22bf0066-c267-44bd-b307-2bc4352351df",
      "fromPort": "bd272cc3-96d3-476c-801e-c280af27ba1b",
      "toBlock": "3cc4fc4a-4e9f-4209-990e-d94bc8b23413",
      "toPort": "input"
    },
    {
      "fromBlock": "22bf0066-c267-44bd-b307-2bc4352351df",
      "fromPort": "b86f76aa-0ac5-4d6f-b713-de64aa959091",
      "toBlock": "7b7a99fd-e0db-4f40-b7a9-083b3236ab09",
      "toPort": "input"
    },
    {
      "fromBlock": "28b5ebe3-31a2-4cbb-82d8-1d6497b9fabe",
      "fromPort": "output",
      "toBlock": "7592d63b-d3c9-4acf-ab96-3a973c11f555",
      "toPort": "input"
    },
    {
      "fromBlock": "2bbb36da-0130-4080-b6c9-5d48a1e522f3",
      "fromPort": "output",
      "toBlock": "22bf0066-c267-44bd-b307-2bc4352351df",
      "toPort": "input"
    },
    {
      "fromBlock": "3904b62f-1cbc-48c4-8bd5-ce910d3898d6",
      "fromPort": "output",
      "toBlock": "a78fbdc3-6d28-4e05-89e8-d366e9f899be",
      "toPort": "input"
    },
    {
      "fromBlock": "4ee86eda-4207-45d2-b4eb-f5ad75664ecf",
      "fromPort": "output",
      "toBlock": "662a320c-3fe7-489c-8363-c3d713ee1f46",
      "toPort": "input"
    },
    {
      "fromBlock": "53467212-ca8f-4d80-875a-ccfda76b0587",
      "fromPort": "output",
      "toBlock": "d98bcf45-24f9-4b03-b712-05ca48bde453",
      "toPort": "53467212-ca8f-4d80-875a-ccfda76b0587"
    },
    {
      "fromBlock": "60d58954-8adc-4538-a2af-8aa1fa1ec42d",
      "fromPort": "output",
      "toBlock": "635d9e5f-9ace-4030-a012-16f2b728b1b7",
      "toPort": "input"
    },
    {
      "fromBlock": "7592d63b-d3c9-4acf-ab96-3a973c11f555",
      "fromPort": "output",
      "toBlock": "1d36c3ad-029b-4283-9943-0ba80f32c9bc",
      "toPort": "input"
    },
    {
      "fromBlock": "7aa6eb1a-040c-4494-98b0-2494a84c5a04",
      "fromPort": "output",
      "toBlock": "0872a866-8d5f-4c0b-9fc4-af44a023d4d4",
      "toPort": "input"
    },
    {
      "fromBlock": "7fcb5101-cf16-43d6-9366-ac9bcca448ec",
      "fromPort": "output",
      "toBlock": "9d1f81d0-9d28-462a-aba0-a102bef2092f",
      "toPort": "input"
    }
  ]
}