{
  "name": "Incident Alerts from ServiceNow",
  "description": "",
  "blocks": [
    {
      "id": "d43b5a96-4491-41d2-aaf0-997b7eb3a072",
      "endpoint": "ServiceNow",
      "label": "Add Comment",
      "environment": "HOSTED",
      "presentation": "{\"w\":100,\"x\":1530,\"h\":50,\"y\":2081}",
      "step": "665a0a87-4281-5b61-a68e-86d226577aad",
      "stepType": "SCRIPT_STEP",
      "inputMappings": [
        {
          "inputPort": "input",
          "mapping": "incident",
          "stepInput": "a5d45d61-6f2d-5561-bd2c-b2d8f31f0e2f"
        },
        {
          "inputPort": "input",
          "mapping": "${0ada1493-7c2a-4bc0-9f2f-b14d36e38380.Record ID}",
          "stepInput": "5204e1a9-205e-5d2e-ac57-868ae8d0cd65"
        },
        {
          "inputPort": "input",
          "mapping": "true",
          "stepInput": "9fdc2c12-97de-5da9-8f6c-ba5e72918b93"
        },
        {
          "inputPort": "input",
          "mapping": "${414b5e32-7de9-4ebf-b3db-0f57b9e9006d.annotation.author.firstName} ${414b5e32-7de9-4ebf-b3db-0f57b9e9006d.annotation.author.lastName} (${414b5e32-7de9-4ebf-b3db-0f57b9e9006d.annotation.author.targetName}) commented: ${414b5e32-7de9-4ebf-b3db-0f57b9e9006d.annotation.comment}",
          "stepInput": "8f20560c-148e-5431-abfe-bc948a577da9"
        }
      ]
    },
    {
      "id": "daabb338-3c95-45eb-8273-4a4757cec057",
      "endpoint": "ServiceNow",
      "label": "Add Comment",
      "environment": "HOSTED",
      "presentation": "{\"w\":100,\"x\":1530,\"h\":50,\"y\":1876}",
      "step": "665a0a87-4281-5b61-a68e-86d226577aad",
      "stepType": "SCRIPT_STEP",
      "inputMappings": [
        {
          "inputPort": "input",
          "mapping": "incident",
          "stepInput": "a5d45d61-6f2d-5561-bd2c-b2d8f31f0e2f"
        },
        {
          "inputPort": "input",
          "mapping": "${0ada1493-7c2a-4bc0-9f2f-b14d36e38380.Record ID}",
          "stepInput": "5204e1a9-205e-5d2e-ac57-868ae8d0cd65"
        },
        {
          "inputPort": "input",
          "mapping": "true",
          "stepInput": "9fdc2c12-97de-5da9-8f6c-ba5e72918b93"
        },
        {
          "inputPort": "input",
          "mapping": "${414b5e32-7de9-4ebf-b3db-0f57b9e9006d.respondedTo.by.firstName} ${414b5e32-7de9-4ebf-b3db-0f57b9e9006d.respondedTo.by.lastName} (${414b5e32-7de9-4ebf-b3db-0f57b9e9006d.respondedTo.by.targetName}) responded: ${414b5e32-7de9-4ebf-b3db-0f57b9e9006d.response.response}",
          "stepInput": "8f20560c-148e-5431-abfe-bc948a577da9"
        }
      ]
    },
    {
      "id": "df85d6a9-9340-4ab7-b69e-77046948a8ae",
      "endpoint": "ServiceNow",
      "label": "Add Comment",
      "environment": "HOSTED",
      "presentation": "{\"w\":100,\"x\":1310,\"h\":50,\"y\":2491}",
      "step": "665a0a87-4281-5b61-a68e-86d226577aad",
      "stepType": "SCRIPT_STEP",
      "inputMappings": [
        {
          "inputPort": "input",
          "mapping": "incident",
          "stepInput": "a5d45d61-6f2d-5561-bd2c-b2d8f31f0e2f"
        },
        {
          "inputPort": "input",
          "mapping": "${0ada1493-7c2a-4bc0-9f2f-b14d36e38380.Record ID}",
          "stepInput": "5204e1a9-205e-5d2e-ac57-868ae8d0cd65"
        },
        {
          "inputPort": "input",
          "mapping": "true",
          "stepInput": "9fdc2c12-97de-5da9-8f6c-ba5e72918b93"
        },
        {
          "inputPort": "input",
          "mapping": "All alerts for this incident have been terminated because the incident is no longer assigned to a user or group, it is now inactive, or its priority has been downgraded.",
          "stepInput": "8f20560c-148e-5431-abfe-bc948a577da9"
        }
      ]
    },
    {
      "id": "f12b78ab-c758-4832-a993-e86e23d13fc1",
      "endpoint": "ServiceNow",
      "label": "Add Comment",
      "environment": "HOSTED",
      "presentation": "{\"w\":100,\"x\":1530,\"h\":50,\"y\":1098}",
      "step": "665a0a87-4281-5b61-a68e-86d226577aad",
      "stepType": "SCRIPT_STEP",
      "inputMappings": [
        {
          "inputPort": "input",
          "mapping": "incident",
          "stepInput": "a5d45d61-6f2d-5561-bd2c-b2d8f31f0e2f"
        },
        {
          "inputPort": "input",
          "mapping": "${0ada1493-7c2a-4bc0-9f2f-b14d36e38380.Record ID}",
          "stepInput": "5204e1a9-205e-5d2e-ac57-868ae8d0cd65"
        },
        {
          "inputPort": "input",
          "mapping": "true",
          "stepInput": "9fdc2c12-97de-5da9-8f6c-ba5e72918b93"
        },
        {
          "inputPort": "input",
          "mapping": "Notification to ${1c0a74df-fdef-4f17-88ab-a019d626ef6e.notification.recipient.owner.firstName} ${1c0a74df-fdef-4f17-88ab-a019d626ef6e.notification.recipient.owner.lastName} (${1c0a74df-fdef-4f17-88ab-a019d626ef6e.notification.recipient.owner.targetName}) on device '${1c0a74df-fdef-4f17-88ab-a019d626ef6e.notification.recipient.targetName}' status: ${1c0a74df-fdef-4f17-88ab-a019d626ef6e.notification.deliveryStatus}",
          "stepInput": "8f20560c-148e-5431-abfe-bc948a577da9"
        }
      ]
    },
    {
      "id": "0024ecd9-0dc0-4aa7-a383-a7b1fc6bf457",
      "endpoint": "ServiceNow",
      "label": "Add Comment",
      "environment": "HOSTED",
      "presentation": "{\"w\":100,\"x\":1530,\"h\":50,\"y\":726}",
      "step": "665a0a87-4281-5b61-a68e-86d226577aad",
      "stepType": "SCRIPT_STEP",
      "inputMappings": [
        {
          "inputPort": "input",
          "mapping": "incident",
          "stepInput": "a5d45d61-6f2d-5561-bd2c-b2d8f31f0e2f"
        },
        {
          "inputPort": "input",
          "mapping": "${0ada1493-7c2a-4bc0-9f2f-b14d36e38380.Record ID}",
          "stepInput": "5204e1a9-205e-5d2e-ac57-868ae8d0cd65"
        },
        {
          "inputPort": "input",
          "mapping": "true",
          "stepInput": "9fdc2c12-97de-5da9-8f6c-ba5e72918b93"
        },
        {
          "inputPort": "input",
          "mapping": "${1c0a74df-fdef-4f17-88ab-a019d626ef6e.respondedTo.by.firstName} ${1c0a74df-fdef-4f17-88ab-a019d626ef6e.respondedTo.by.lastName} (${1c0a74df-fdef-4f17-88ab-a019d626ef6e.respondedTo.by.targetName}) responded: ${1c0a74df-fdef-4f17-88ab-a019d626ef6e.response.response}",
          "stepInput": "8f20560c-148e-5431-abfe-bc948a577da9"
        }
      ]
    },
    {
      "id": "1b827c6b-f1ca-4aec-8e12-09b39cf717ec",
      "endpoint": "ServiceNow",
      "label": "Add Comment",
      "environment": "HOSTED",
      "presentation": "{\"w\":100,\"x\":1530,\"h\":50,\"y\":931}",
      "step": "665a0a87-4281-5b61-a68e-86d226577aad",
      "stepType": "SCRIPT_STEP",
      "inputMappings": [
        {
          "inputPort": "input",
          "mapping": "incident",
          "stepInput": "a5d45d61-6f2d-5561-bd2c-b2d8f31f0e2f"
        },
        {
          "inputPort": "input",
          "mapping": "${0ada1493-7c2a-4bc0-9f2f-b14d36e38380.Record ID}",
          "stepInput": "5204e1a9-205e-5d2e-ac57-868ae8d0cd65"
        },
        {
          "inputPort": "input",
          "mapping": "true",
          "stepInput": "9fdc2c12-97de-5da9-8f6c-ba5e72918b93"
        },
        {
          "inputPort": "input",
          "mapping": "${1c0a74df-fdef-4f17-88ab-a019d626ef6e.annotation.author.firstName} ${1c0a74df-fdef-4f17-88ab-a019d626ef6e.annotation.author.lastName} (${1c0a74df-fdef-4f17-88ab-a019d626ef6e.annotation.author.targetName}) commented: ${1c0a74df-fdef-4f17-88ab-a019d626ef6e.annotation.comment}",
          "stepInput": "8f20560c-148e-5431-abfe-bc948a577da9"
        }
      ]
    },
    {
      "id": "44da87a3-7229-4fce-b82d-885b6ed358f0",
      "endpoint": "ServiceNow",
      "label": "Add Comment",
      "environment": "HOSTED",
      "presentation": "{\"w\":100,\"x\":1530,\"h\":50,\"y\":2248}",
      "step": "665a0a87-4281-5b61-a68e-86d226577aad",
      "stepType": "SCRIPT_STEP",
      "inputMappings": [
        {
          "inputPort": "input",
          "mapping": "incident",
          "stepInput": "a5d45d61-6f2d-5561-bd2c-b2d8f31f0e2f"
        },
        {
          "inputPort": "input",
          "mapping": "${0ada1493-7c2a-4bc0-9f2f-b14d36e38380.Record ID}",
          "stepInput": "5204e1a9-205e-5d2e-ac57-868ae8d0cd65"
        },
        {
          "inputPort": "input",
          "mapping": "true",
          "stepInput": "9fdc2c12-97de-5da9-8f6c-ba5e72918b93"
        },
        {
          "inputPort": "input",
          "mapping": "Notification to ${414b5e32-7de9-4ebf-b3db-0f57b9e9006d.notification.recipient.owner.firstName} (${414b5e32-7de9-4ebf-b3db-0f57b9e9006d.notification.recipient.owner.targetName}) on device '${414b5e32-7de9-4ebf-b3db-0f57b9e9006d.notification.recipient.targetName}' status: ${414b5e32-7de9-4ebf-b3db-0f57b9e9006d.notification.deliveryStatus}",
          "stepInput": "8f20560c-148e-5431-abfe-bc948a577da9"
        }
      ]
    },
    {
      "id": "5df4efc5-8446-49b0-afd3-fa57c9b7bc1d",
      "label": "Get Alerts",
      "environment": "HOSTED",
      "presentation": "{\"w\":100,\"x\":431,\"h\":50,\"y\":40}",
      "step": "d591fef2-1aa6-5b9e-80b7-ee2b392bc468",
      "stepType": "SCRIPT_STEP",
      "inputMappings": [
        {
          "inputPort": "input",
          "mapping": "ACTIVE,SUSPENDED",
          "stepInput": "d5358afa-61f6-5fb6-a4f9-8155f56558d6"
        },
        {
          "inputPort": "input",
          "mapping": "ServiceNow Record Alerts Incident [incident] > Record ID#en",
          "stepInput": "c57fc4c4-f63a-5105-bdba-cdb532be2abe"
        },
        {
          "inputPort": "input",
          "mapping": "${0ada1493-7c2a-4bc0-9f2f-b14d36e38380.Record ID}",
          "stepInput": "8f40d595-cd5c-5022-b5d7-18778ad25cc6"
        },
        {
          "inputPort": "input",
          "mapping": "TRUE",
          "stepInput": "a5ffc0a7-97f0-5e1d-99ea-ab929c0ae73d"
        }
      ]
    },
    {
      "id": "ce15ec72-f983-403e-8bba-de3c65434add",
      "label": "LOG",
      "environment": "HOSTED",
      "presentation": "{\"w\":100,\"x\":1089,\"h\":50,\"y\":1104}",
      "step": "8ff49fc0-8587-4df8-b41f-67036380f2a8",
      "stepType": "SCRIPT_STEP",
      "inputMappings": [
        {
          "inputPort": "input",
          "mapping": "This triggered",
          "stepInput": "d48fbab1-f6c2-4053-9c09-f8b726e772fd"
        }
      ]
    },
    {
      "id": "3c53b105-8432-4cd5-809c-966ca046b469",
      "label": "Map Alert Priority",
      "environment": "HOSTED",
      "presentation": "{\"w\":100,\"x\":650,\"h\":50,\"y\":40}",
      "step": "3dfb1912-ac8e-511c-bda2-bfa26468f45f",
      "stepType": "SCRIPT_STEP",
      "inputMappings": [
        {
          "inputPort": "input",
          "mapping": "${0ada1493-7c2a-4bc0-9f2f-b14d36e38380.Priority}",
          "stepInput": "de18abef-205c-5537-a66f-fcf40ac45134"
        },
        {
          "inputPort": "input",
          "mapping": "Medium",
          "stepInput": "db13181c-e7c8-500a-8f9d-45376d595292"
        },
        {
          "inputPort": "input",
          "mapping": "1 - Critical\n2 - High",
          "stepInput": "38903fed-af50-53ad-9e48-6322307154d8"
        },
        {
          "inputPort": "input",
          "mapping": "3 - Moderate",
          "stepInput": "7d42564d-e817-5e69-a7ad-6ffdeb3c315d"
        },
        {
          "inputPort": "input",
          "mapping": "4 - Low\n5 - Planning",
          "stepInput": "64aa4130-e2a6-5823-b3d1-68462fbbbb71"
        },
        {
          "inputPort": "input",
          "mapping": "false",
          "stepInput": "c1563ca7-b0e8-5095-879a-389bb86355f8"
        },
        {
          "inputPort": "input",
          "mapping": "false",
          "stepInput": "06e6f151-5984-56f5-8f57-d939f26423be"
        }
      ]
    },
    {
      "id": "1c0a74df-fdef-4f17-88ab-a019d626ef6e",
      "label": "Notify Assignee",
      "environment": "HOSTED",
      "presentation": "{\"w\":100,\"x\":1310,\"h\":50,\"y\":191}",
      "stepType": "CREATE_ALERT",
      "inputMappings": [
        {
          "inputPort": "input",
          "mapping": "[{\"language\":\"en\",\"subject\":\"${3c53b105-8432-4cd5-809c-966ca046b469.Priority} Alert: ServiceNow Incident ${0ada1493-7c2a-4bc0-9f2f-b14d36e38380.Number}: ${0ada1493-7c2a-4bc0-9f2f-b14d36e38380.Short description}\",\"body\":\"\\n    <head><style id=\\\"xm-froala-base-styles\\\">\\n      /* Base Froala Styles Begin */\\n      /*!\\n * froala_editor v4.1.3 (https://www.froala.com/wysiwyg-editor)\\n * License https://froala.com/wysiwyg-editor/terms/\\n * Copyright 2014-2023 Froala Labs\\n */\\n\\n.fr-clearfix::after{clear:both;display:block;content:\\\"\\\";height:0}.fr-hide-by-clipping{position:absolute;width:1px;height:1px;padding:0;margin:-1px;overflow:hidden;clip:rect(0, 0, 0, 0);border:0}img.fr-rounded,.fr-img-caption.fr-rounded img{border-radius:10px;-moz-border-radius:10px;-webkit-border-radius:10px;-moz-background-clip:padding;-webkit-background-clip:padding-box;background-clip:padding-box}img.fr-shadow,.fr-img-caption.fr-shadow img{-webkit-box-shadow:10px 10px 5px 0px #cccccc;-moz-box-shadow:10px 10px 5px 0px #cccccc;box-shadow:10px 10px 5px 0px #cccccc}img.fr-bordered,.fr-img-caption.fr-bordered img{border:solid 5px #CCC}img.fr-bordered{-webkit-box-sizing:content-box;-moz-box-sizing:content-box;box-sizing:content-box}.fr-img-caption.fr-bordered img{-webkit-box-sizing:border-box;-moz-box-sizing:border-box;box-sizing:border-box}li img.fr-dii.fr-fil{margin-right:20px}.fr-view{word-wrap:break-word}span[style~=\\\"color:\\\"] a{color:inherit}strong{font-weight:700}table[border='0'] td:not([class]),table[border='0'] th:not([class]),table[border='0'] td[class=\\\"\\\"],table[border='0'] th[class=\\\"\\\"]{border-width:0px}table{border:none;border-collapse:collapse;empty-cells:show;max-width:100%}table td{min-width:5px}table.fr-dashed-borders td,table.fr-dashed-borders th{border-style:dashed}table.fr-alternate-rows tbody tr:nth-child(2n){background:whitesmoke}table td,table th{border:1px solid #DDD}table td:empty,table th:empty{height:20px}table td.fr-highlighted,table th.fr-highlighted{border:1px double red}table td.fr-thick,table th.fr-thick{border-width:2px}table th{background:#ececec}table tfoot td{background:#ececec}hr{clear:both;user-select:none;-o-user-select:none;-moz-user-select:none;-khtml-user-select:none;-webkit-user-select:none;-ms-user-select:none;break-after:always;page-break-after:always}.fr-file{position:relative}.fr-file::after{position:relative;content:\\\"\\\\1F4CE\\\";font-weight:normal}pre{white-space:pre-wrap;word-wrap:break-word;overflow:visible}.fr-view[dir=\\\"rtl\\\"] blockquote{border-left:none;border-right:solid 2px #5E35B1;margin-right:0;padding-right:5px;padding-left:0}.fr-view[dir=\\\"rtl\\\"] blockquote blockquote{border-color:#00BCD4}.fr-view[dir=\\\"rtl\\\"] blockquote blockquote blockquote{border-color:#43A047}blockquote{border-left:solid 2px #5E35B1;margin-left:0;padding-left:5px;color:#5E35B1}blockquote blockquote{border-color:#00BCD4;color:#00BCD4}blockquote blockquote blockquote{border-color:#43A047;color:#43A047}span.fr-emoticon{font-weight:normal;font-family:\\\"Apple Color Emoji\\\",\\\"Segoe UI Emoji\\\",\\\"NotoColorEmoji\\\",\\\"Segoe UI Symbol\\\",\\\"Android Emoji\\\",\\\"EmojiSymbols\\\";display:inline;line-height:0}span.fr-emoticon.fr-emoticon-img{background-repeat:no-repeat !important;font-size:inherit;height:1em;width:1em;min-height:20px;min-width:20px;display:inline-block;margin:-.1em .1em .1em;line-height:1;vertical-align:middle}.fr-text-gray{color:#AAA !important}.fr-text-bordered{border-top:solid 1px #222;border-bottom:solid 1px #222;padding:10px 0}.fr-text-spaced{letter-spacing:1px}.fr-text-uppercase{text-transform:uppercase}.fr-class-highlighted{background-color:#ffff00}.fr-class-code{border-color:#cccccc;border-radius:2px;-moz-border-radius:2px;-webkit-border-radius:2px;-moz-background-clip:padding;-webkit-background-clip:padding-box;background-clip:padding-box;background:#f5f5f5;padding:10px;font-family:\\\"Courier New\\\", Courier, monospace}.fr-class-transparency{opacity:0.5}img{position:relative;max-width:100%}img.fr-dib{margin:5px auto;display:block;float:none;vertical-align:top}img.fr-dib.fr-fil{margin-left:0;text-align:left}img.fr-dib.fr-fir{margin-right:0;text-align:right}img.fr-dii{display:inline-block;float:none;vertical-align:bottom;margin-left:5px;margin-right:5px;max-width:calc(100% - (2 * 5px))}img.fr-dii.fr-fil{float:left;margin:5px 5px 5px 0;max-width:calc(100% - 5px)}img.fr-dii.fr-fir{float:right;margin:5px 0 5px 5px;max-width:calc(100% - 5px)}span.fr-img-caption{position:relative;max-width:100%}span.fr-img-caption.fr-dib{margin:5px auto;display:block;float:none;vertical-align:top}span.fr-img-caption.fr-dib.fr-fil{margin-left:0;text-align:left}span.fr-img-caption.fr-dib.fr-fir{margin-right:0;text-align:right}span.fr-img-caption.fr-dii{display:inline-block;float:none;vertical-align:bottom;margin-left:5px;margin-right:5px;max-width:calc(100% - (2 * 5px))}span.fr-img-caption.fr-dii.fr-fil{float:left;margin:5px 5px 5px 0;max-width:calc(100% - 5px)}span.fr-img-caption.fr-dii.fr-fir{float:right;margin:5px 0 5px 5px;max-width:calc(100% - 5px)}.fr-video{text-align:center;position:relative}.fr-video.fr-rv{padding-bottom:56.25%;padding-top:30px;height:0;overflow:hidden}.fr-video.fr-rv>iframe,.fr-video.fr-rv object,.fr-video.fr-rv embed{position:absolute !important;top:0;left:0;width:100%;height:100%}.fr-video>*{-webkit-box-sizing:content-box;-moz-box-sizing:content-box;box-sizing:content-box;max-width:100%;border:none}.fr-video.fr-dvb{display:block;clear:both}.fr-video.fr-dvb.fr-fvl{text-align:left}.fr-video.fr-dvb.fr-fvr{text-align:right}.fr-video.fr-dvi{display:inline-block}.fr-video.fr-dvi.fr-fvl{float:left}.fr-video.fr-dvi.fr-fvr{float:right}a.fr-strong{font-weight:700}a.fr-green{color:green}.fr-img-caption{text-align:center}.fr-img-caption .fr-img-wrap{padding:0;margin:auto;text-align:center;width:100%}.fr-img-caption .fr-img-wrap a{display:block}.fr-img-caption .fr-img-wrap img{display:block;margin:auto;width:100%}.fr-img-caption .fr-img-wrap>span{margin:auto;display:block;padding:5px 5px 10px;font-size:14px;font-weight:initial;-webkit-box-sizing:border-box;-moz-box-sizing:border-box;box-sizing:border-box;-webkit-opacity:0.9;-moz-opacity:0.9;opacity:0.9;-ms-filter:\\\"progid:DXImageTransform.Microsoft.Alpha(Opacity=0)\\\";width:100%;text-align:center}button.fr-rounded,input.fr-rounded,textarea.fr-rounded{border-radius:10px;-moz-border-radius:10px;-webkit-border-radius:10px;-moz-background-clip:padding;-webkit-background-clip:padding-box;background-clip:padding-box}button.fr-large,input.fr-large,textarea.fr-large{font-size:24px}span.fr-img-caption.fr-dii.fr-fil,p img.fr-dii.fr-fil{margin-right:15px}a.fr-view.fr-strong{font-weight:700}a.fr-view.fr-green{color:green}img.fr-view{position:relative;max-width:100%}img.fr-view.fr-dib{margin:5px auto;display:block;float:none;vertical-align:top}img.fr-view.fr-dib.fr-fil{margin-left:0;text-align:left}img.fr-view.fr-dib.fr-fir{margin-right:0;text-align:right}img.fr-view.fr-dii{display:inline-block;float:none;vertical-align:bottom;margin-left:5px;margin-right:5px;max-width:calc(100% - (2 * 5px))}img.fr-view.fr-dii.fr-fil{float:left;margin:5px 5px 5px 0;max-width:calc(100% - 5px)}img.fr-view.fr-dii.fr-fir{float:right;margin:5px 0 5px 5px;max-width:calc(100% - 5px)}span.fr-img-caption.fr-view{position:relative;max-width:100%}span.fr-img-caption.fr-view.fr-dib{margin:5px auto;display:block;float:none;vertical-align:top}span.fr-img-caption.fr-view.fr-dib.fr-fil{margin-left:0;text-align:left}span.fr-img-caption.fr-view.fr-dib.fr-fir{margin-right:0;text-align:right}span.fr-img-caption.fr-view.fr-dii{display:inline-block;float:none;vertical-align:bottom;margin-left:5px;margin-right:5px;max-width:calc(100% - (2 * 5px))}span.fr-img-caption.fr-view.fr-dii.fr-fil{float:left;margin:5px 5px 5px 0;max-width:calc(100% - 5px)}span.fr-img-caption.fr-view.fr-dii.fr-fir{float:right;margin:5px 0 5px 5px;max-width:calc(100% - 5px)}\\n\\n\\n    /* Default/Legacy table border styling */\\n    table {\\n        border: 1px solid #ccc;\\n        border-bottom: none;\\n    }\\n    table th,\\n    table td {\\n        border: solid #ccc;\\n        border-width: 0 0 1px 0;\\n    }\\n\\n    /* Newly inserted table border styling */\\n    table.xm-table-internal-borders {\\n      border: none;\\n    }\\n    table.xm-table-internal-borders th,\\n    table.xm-table-internal-borders td {\\n      border-width: 1px;\\n    }\\n    \\n    /* fix for SUP-22708, In Outlook on Windows: \\\"border-collapse: collapse;\\\" will cease to work and behave like \\\"separate\\\"\\n      when the rule is specified an even number of times, yes oh yes, you read that right. Since this rule is already specified\\n      in the froala styles we get an issue when the user also adds a style tag containing that rule. */\\n    table {\\n      border-collapse: collapse;\\n    }\\n\\n      /* Base Froala Styles End */\\n    </style></head><!-- XM Froala Top Level Wrapper Begin {{{ -->\\n    <div id=\\\"xm-froala-top-level-wrapper\\\" class=\\\"fr-view\\\">\\n    <!-- XM Froala Top Level Wrapper Begin }}} --><div style=\\\"width: 768px; margin-left: auto; margin-right: auto;\\\">\\n    <div style=\\\"width: 460px; margin-left: auto; margin-right: auto;\\\">\\n        <div style=\\\"width: 100%; margin: auto; text-align: center;\\\"><img src=\\\"https://static.xmatters.com/integrations/servicenow/images/servicenow-3.png\\\" class=\\\"fr-fic fr-dib\\\"></div>\\n        <div style=\\\"text-align: center; margin: 20px auto;\\\">${person.firstName} ${person.lastName}, <span id=\\\"isPasted\\\" style=\\\"color: rgb(23, 43, 77); font-family: -apple-system, &quot;system-ui&quot;, &quot;Segoe UI&quot;, Roboto, Oxygen, Ubuntu, &quot;Fira Sans&quot;, &quot;Droid Sans&quot;, &quot;Helvetica Neue&quot;, sans-serif; font-size: 14px; font-style: normal; font-variant-ligatures: normal; font-variant-caps: normal; font-weight: 400; letter-spacing: normal; orphans: 2; text-align: left; text-indent: 0px; text-transform: none; white-space: normal; widows: 2; word-spacing: 0px; -webkit-text-stroke-width: 0px; background-color: rgb(255, 255, 255); text-decoration-thickness: initial; text-decoration-style: initial; text-decoration-color: initial; display: inline !important; float: none;\\\"><span id=\\\"isPasted\\\" style=\\\"color: rgb(23, 43, 77); font-family: -apple-system, &quot;system-ui&quot;, &quot;Segoe UI&quot;, Roboto, Oxygen, Ubuntu, &quot;Fira Sans&quot;, &quot;Droid Sans&quot;, &quot;Helvetica Neue&quot;, sans-serif; font-size: 14px; font-style: normal; font-variant-ligatures: normal; font-variant-caps: normal; font-weight: 400; letter-spacing: normal; orphans: 2; text-align: start; text-indent: 0px; text-transform: none; white-space: normal; widows: 2; word-spacing: 0px; -webkit-text-stroke-width: 0px; background-color: rgb(255, 255, 255); text-decoration-thickness: initial; text-decoration-style: initial; text-decoration-color: initial; display: inline !important; float: none;\\\">you're needed for a ServiceNow alert</span></span>:</div>\\n        <div style=\\\"border: #e4e4e4 1px solid; border-radius: 5px;\\\">\\n            <div style=\\\"width: 100%;  display: flex; border-bottom: #e4e4e4 1px solid;\\\">\\n                <div style=\\\"width: 50%; text-align: center; display: block; border-right: #e4e4e4 1px solid;\\\">\\n                    <div style=\\\"margin: auto; text-align: center; display: block; padding: 15px 5px;\\\">\\n                        <div style=\\\"font-weight: bold;\\\">State</div>${0ada1493-7c2a-4bc0-9f2f-b14d36e38380.State}</div></div>\\n                <div style=\\\"width: 50%; text-align: center; display: block;\\\">\\n                    <div style=\\\"margin: auto; text-align: center; display: block; padding: 15px 5px;\\\">\\n                        <div style=\\\"font-weight: bold;\\\">Priority</div>${3c53b105-8432-4cd5-809c-966ca046b469.Priority}</div></div></div>\\n            <div style=\\\"padding: 15px 15px; display: block; border-bottom: #e4e4e4 1px solid;\\\"><span style=\\\"font-weight: bold; margin-bottom: 5px;\\\">Subject:</span> ${0ada1493-7c2a-4bc0-9f2f-b14d36e38380.Short description}</div>\\n            <div style=\\\"padding: 15px 15px; display: block; border-bottom: #e4e4e4 1px solid;\\\"><span style=\\\"font-weight: bold; margin-bottom: 5px;\\\">Description:</span> ${0ada1493-7c2a-4bc0-9f2f-b14d36e38380.Description}</div>\\n            <div style=\\\"padding: 15px 15px; display: block; border-bottom: #e4e4e4 1px solid;\\\"><span style=\\\"font-weight: bold; margin-bottom: 5px;\\\">Assigned To:</span> ${0ada1493-7c2a-4bc0-9f2f-b14d36e38380.Assigned to}</div>\\n            <div style=\\\"padding: 15px 15px; display: block; border-bottom: #e4e4e4 1px solid;\\\"><span style=\\\"font-weight: bold; margin-bottom: 5px;\\\">Assignment Group:</span> ${0ada1493-7c2a-4bc0-9f2f-b14d36e38380.Assignment group}</div>\\n            <div style=\\\"padding: 15px 15px; display: block; border-bottom: #e4e4e4 1px solid;\\\"><span style=\\\"font-weight: bold; margin-bottom: 5px;\\\">Alerting Path:</span> ${person.alertContext}</div>\\n            <div style=\\\"padding: 15px 15px; display: block;\\\">\\n                <div style=\\\"font-weight: bold; margin-bottom: 5px;\\\"><a href=\\\"${0ada1493-7c2a-4bc0-9f2f-b14d36e38380.Record URL}\\\">View incident ${0ada1493-7c2a-4bc0-9f2f-b14d36e38380.Number} in ServiceNow</a></div></div></div>\\n    <!-- the following elements are used for processing. Signal ID is required to look up and terminate events using the Get Events step. -->\\n    <div style=\\\"display:none;\\\">${0ada1493-7c2a-4bc0-9f2f-b14d36e38380.Record ID}</div>\\n    <div style=\\\"padding-top: 27px; margin-bottom: 20px;\\\"><img style=\\\"width: 195px;\\\" src=\\\"https://static.xmatters.com/integrations/common/images/powered_by_xmatters_color.png\\\" class=\\\"fr-fic fr-dii\\\"></div>\\n    <div id=\\\"incident-responses\\\">\\n        <!--__X_RESPONSE_CHOICES_PLACEHOLDER__-->\\n        <br>\\n    </div></div></div><!-- XM Froala Top Level Wrapper End {{{ -->\\n    </div>\\n    <!-- XM Froala Top Level Wrapper End }}} -->\"}]",
          "builtInInputId": "c2a258c9-70f0-5ab9-87a0-f16aac6a4f7e"
        },
        {
          "inputPort": "input",
          "mapping": "false",
          "builtInInputId": "0eeeaf31-fd99-5ada-aaf5-9b4ca198cce6"
        },
        {
          "inputPort": "input",
          "mapping": "RESOLVER",
          "builtInInputId": "be7ac5fe-0bbd-5f5a-91bd-28d0cb5979ea"
        },
        {
          "inputPort": "input",
          "mapping": "${3c53b105-8432-4cd5-809c-966ca046b469.Priority}",
          "builtInInputId": "3f50d6a7-0fc9-59a1-bd97-8eb19db317bd"
        },
        {
          "inputPort": "input",
          "mapping": "180",
          "builtInInputId": "8ff01cd9-6a5f-5ec3-9c46-a40b892b890e"
        },
        {
          "inputPort": "input",
          "mapping": "callbackonly",
          "builtInInputId": "94bf035f-007b-5da6-996b-d122ff92e7b3"
        },
        {
          "inputPort": "input",
          "mapping": "[{\"language\":\"en\",\"steps\":[{\"playback\":\"TTS\",\"phrase\":\"Alert: You're needed for ServiceNow Incident ${0ada1493-7c2a-4bc0-9f2f-b14d36e38380.Number}: ${0ada1493-7c2a-4bc0-9f2f-b14d36e38380.Short description}\",\"uiBlock\":\"91ce11f3-92d2-486d-acf9-8f605af55ebe\"}]}]",
          "builtInInputId": "1e0aae21-0ac6-5683-a162-36fa1f8a895c"
        },
        {
          "inputPort": "input",
          "mapping": "0",
          "builtInInputId": "8298a407-9069-5331-8dee-219cdb1b4868"
        },
        {
          "inputPort": "input",
          "mapping": "[\n  {\n    \"action\": \"END\",\n    \"allowComments\": true,\n    \"contribution\": \"POSITIVE\",\n    \"description\": \"Accept\",\n    \"joinConference\": false,\n    \"number\": 1.0,\n    \"prompt\": \"Accept\",\n    \"redirectUrl\": \"\",\n    \"text\": \"Accept\",\n    \"id\": \"91c5af63-515f-486b-818a-3e7350fae815\",\n    \"triggerBlockId\": \"ff6e0363-1bc5-4242-bbbc-96acdcf629cc\",\n    \"integrationId\": \"b45c4618-15e4-41c4-9a84-fa57c104f1dc\"\n  },\n  {\n    \"action\": \"END\",\n    \"allowComments\": true,\n    \"contribution\": \"NEGATIVE\",\n    \"description\": \"Reject\",\n    \"joinConference\": false,\n    \"number\": 2.0,\n    \"prompt\": \"Reject\",\n    \"redirectUrl\": \"\",\n    \"text\": \"Reject\",\n    \"id\": \"78a07db8-5a06-4f07-85bd-96d6469365b7\",\n    \"triggerBlockId\": \"e71731ca-17d5-401b-9ce9-7e85fbb78304\",\n    \"integrationId\": \"c95a4001-cf00-4292-a516-fb32512b777d\"\n  }\n]",
          "builtInInputId": "ac190a1d-00b8-5aea-8543-12459dd918a7"
        },
        {
          "inputPort": "input",
          "mapping": "false",
          "builtInInputId": "c4501a77-1058-51d5-9044-7c4f8a39938a"
        },
        {
          "inputPort": "input",
          "mapping": "[{\"language\":\"en\",\"text\":\"${3c53b105-8432-4cd5-809c-966ca046b469.Priority} Alert: You're needed for ServiceNow Incident ${0ada1493-7c2a-4bc0-9f2f-b14d36e38380.Number}: ${0ada1493-7c2a-4bc0-9f2f-b14d36e38380.Short description}\"}]",
          "builtInInputId": "8fccda00-5665-53aa-90a0-267d4b796a99"
        },
        {
          "inputPort": "input",
          "mapping": "60",
          "builtInInputId": "ceffae29-cef3-5488-b9d1-f845c558f8a4"
        },
        {
          "inputPort": "input",
          "mapping": "false",
          "builtInInputId": "7ec1fde7-1816-5b50-968f-c3eafa529f62"
        },
        {
          "inputPort": "input",
          "mapping": "[{\"id\":\"${0ada1493-7c2a-4bc0-9f2f-b14d36e38380.Recipients}\"}]",
          "builtInInputId": "c2fa8405-6461-5736-9370-96e1dc04be7c"
        },
        {
          "inputPort": "input",
          "mapping": "{\"RESPONSE\":{\"triggerType\":\"RESPONSE\",\"triggerBlockId\":\"0c1a25b1-b099-4f68-af61-11c08b81d2f0\",\"hidden\":false,\"position\":0},\"ANNOTATION\":{\"triggerType\":\"ANNOTATION\",\"triggerBlockId\":\"f42516c2-c3fd-430a-a86e-c4b64f841b41\",\"hidden\":false,\"position\":1},\"DELIVERYSTATUS\":{\"triggerType\":\"DELIVERYSTATUS\",\"triggerBlockId\":\"58f408d7-544c-450c-b5bd-700cfdd162b8\",\"hidden\":false,\"position\":2}}",
          "builtInInputId": "d5f190c2-4549-5f07-b14d-d51d641cf1e6"
        },
        {
          "inputPort": "input",
          "mapping": "false",
          "builtInInputId": "60992193-3b95-5b4e-adfd-244d5e834d67"
        },
        {
          "inputPort": "input",
          "mapping": "PICKER",
          "builtInInputId": "9b9bc3ee-7633-57e7-b13e-443db15f6e34"
        },
        {
          "inputPort": "input",
          "mapping": "{\"bridgeTypeSelector\":\"NONE\"}",
          "builtInInputId": "707a5098-300e-50d1-8e70-30f1ec2ad99d"
        },
        {
          "inputPort": "input",
          "mapping": "[{\"id\":\"${0ada1493-7c2a-4bc0-9f2f-b14d36e38380.Number}\"}]",
          "builtInInputId": "ac4113d2-38a7-5c77-91ba-a09708a4c15a"
        }
      ]
    },
    {
      "id": "ff6e0363-1bc5-4242-bbbc-96acdcf629cc",
      "label": "Notify Assignee - Accept",
      "environment": "HOSTED",
      "presentation": "{\"w\":100,\"h\":50}",
      "step": "b45c4618-15e4-41c4-9a84-fa57c104f1dc",
      "stepType": "INTEGRATION",
      "groupingBlockId": "1c0a74df-fdef-4f17-88ab-a019d626ef6e"
    },
    {
      "id": "f42516c2-c3fd-430a-a86e-c4b64f841b41",
      "label": "Notify Assignee - Alert Comments",
      "environment": "HOSTED",
      "presentation": "{\"w\":100,\"h\":50}",
      "step": "a11e5114-2c02-49d6-9fee-e0ca15762b7c",
      "stepType": "INTEGRATION",
      "groupingBlockId": "1c0a74df-fdef-4f17-88ab-a019d626ef6e"
    },
    {
      "id": "58f408d7-544c-450c-b5bd-700cfdd162b8",
      "label": "Notify Assignee - Device Delivery Updates",
      "environment": "HOSTED",
      "presentation": "{\"w\":100,\"h\":50}",
      "step": "be276cde-6e68-4182-9535-c04d6e4c0bfa",
      "stepType": "INTEGRATION",
      "groupingBlockId": "1c0a74df-fdef-4f17-88ab-a019d626ef6e"
    },
    {
      "id": "e71731ca-17d5-401b-9ce9-7e85fbb78304",
      "label": "Notify Assignee - Reject",
      "environment": "HOSTED",
      "presentation": "{\"w\":100,\"h\":50}",
      "step": "c95a4001-cf00-4292-a516-fb32512b777d",
      "stepType": "INTEGRATION",
      "groupingBlockId": "1c0a74df-fdef-4f17-88ab-a019d626ef6e"
    },
    {
      "id": "0c1a25b1-b099-4f68-af61-11c08b81d2f0",
      "label": "Notify Assignee - Response",
      "environment": "HOSTED",
      "presentation": "{\"w\":100,\"h\":50}",
      "stepType": "RESPONSES",
      "groupingBlockId": "1c0a74df-fdef-4f17-88ab-a019d626ef6e"
    },
    {
      "id": "414b5e32-7de9-4ebf-b3db-0f57b9e9006d",
      "label": "Notify Assignment Group",
      "environment": "HOSTED",
      "presentation": "{\"w\":100,\"x\":1310,\"h\":50,\"y\":1341}",
      "stepType": "CREATE_ALERT",
      "inputMappings": [
        {
          "inputPort": "input",
          "mapping": "{\"RESPONSE\":{\"triggerType\":\"RESPONSE\",\"triggerBlockId\":\"efd88b2e-8f5d-4ba2-8ebc-7c4b3bd25d2d\",\"hidden\":false,\"position\":0},\"ANNOTATION\":{\"triggerType\":\"ANNOTATION\",\"triggerBlockId\":\"1c3b5d87-0f95-4819-ba15-e8023fdf17a8\",\"hidden\":false,\"position\":1},\"DELIVERYSTATUS\":{\"triggerType\":\"DELIVERYSTATUS\",\"triggerBlockId\":\"5ab6179a-d2de-419a-b464-4307cfba32d2\",\"hidden\":false,\"position\":2}}",
          "builtInInputId": "d5f190c2-4549-5f07-b14d-d51d641cf1e6"
        },
        {
          "inputPort": "input",
          "mapping": "[{\"id\":\"${0ada1493-7c2a-4bc0-9f2f-b14d36e38380.Number}\"}]",
          "builtInInputId": "ac4113d2-38a7-5c77-91ba-a09708a4c15a"
        },
        {
          "inputPort": "input",
          "mapping": "PICKER",
          "builtInInputId": "9b9bc3ee-7633-57e7-b13e-443db15f6e34"
        },
        {
          "inputPort": "input",
          "mapping": "0",
          "builtInInputId": "8298a407-9069-5331-8dee-219cdb1b4868"
        },
        {
          "inputPort": "input",
          "mapping": "false",
          "builtInInputId": "60992193-3b95-5b4e-adfd-244d5e834d67"
        },
        {
          "inputPort": "input",
          "mapping": "${3c53b105-8432-4cd5-809c-966ca046b469.Priority}",
          "builtInInputId": "3f50d6a7-0fc9-59a1-bd97-8eb19db317bd"
        },
        {
          "inputPort": "input",
          "mapping": "[{\"language\":\"en\",\"steps\":[{\"playback\":\"TTS\",\"phrase\":\"${3c53b105-8432-4cd5-809c-966ca046b469.Priority} Alert: You're needed for ServiceNow Incident ${0ada1493-7c2a-4bc0-9f2f-b14d36e38380.Number}: ${0ada1493-7c2a-4bc0-9f2f-b14d36e38380.Short description}\",\"uiBlock\":\"378c1406-d2da-4197-85d0-e76cdef1e627\"}]}]",
          "builtInInputId": "1e0aae21-0ac6-5683-a162-36fa1f8a895c"
        },
        {
          "inputPort": "input",
          "mapping": "false",
          "builtInInputId": "0eeeaf31-fd99-5ada-aaf5-9b4ca198cce6"
        },
        {
          "inputPort": "input",
          "mapping": "[{\"language\":\"en\",\"text\":\"${3c53b105-8432-4cd5-809c-966ca046b469.Priority} Alert: You're needed for ServiceNow Incident ${0ada1493-7c2a-4bc0-9f2f-b14d36e38380.Number}: ${0ada1493-7c2a-4bc0-9f2f-b14d36e38380.Short description}\"}]",
          "builtInInputId": "8fccda00-5665-53aa-90a0-267d4b796a99"
        },
        {
          "inputPort": "input",
          "mapping": "{\"bridgeTypeSelector\":\"NONE\"}",
          "builtInInputId": "707a5098-300e-50d1-8e70-30f1ec2ad99d"
        },
        {
          "inputPort": "input",
          "mapping": "RESOLVER",
          "builtInInputId": "be7ac5fe-0bbd-5f5a-91bd-28d0cb5979ea"
        },
        {
          "inputPort": "input",
          "mapping": "60",
          "builtInInputId": "ceffae29-cef3-5488-b9d1-f845c558f8a4"
        },
        {
          "inputPort": "input",
          "mapping": "false",
          "builtInInputId": "c4501a77-1058-51d5-9044-7c4f8a39938a"
        },
        {
          "inputPort": "input",
          "mapping": "[{\"id\":\"${0ada1493-7c2a-4bc0-9f2f-b14d36e38380.Recipients}\"}]",
          "builtInInputId": "c2fa8405-6461-5736-9370-96e1dc04be7c"
        },
        {
          "inputPort": "input",
          "mapping": "180",
          "builtInInputId": "8ff01cd9-6a5f-5ec3-9c46-a40b892b890e"
        },
        {
          "inputPort": "input",
          "mapping": "false",
          "builtInInputId": "7ec1fde7-1816-5b50-968f-c3eafa529f62"
        },
        {
          "inputPort": "input",
          "mapping": "[{\"language\":\"en\",\"subject\":\"${3c53b105-8432-4cd5-809c-966ca046b469.Priority} Alert: ServiceNow Incident ${0ada1493-7c2a-4bc0-9f2f-b14d36e38380.Number}: ${0ada1493-7c2a-4bc0-9f2f-b14d36e38380.Short description}\",\"body\":\"\\n    <head><style id=\\\"xm-froala-base-styles\\\">\\n      /* Base Froala Styles Begin */\\n      /*!\\n * froala_editor v4.1.3 (https://www.froala.com/wysiwyg-editor)\\n * License https://froala.com/wysiwyg-editor/terms/\\n * Copyright 2014-2023 Froala Labs\\n */\\n\\n.fr-clearfix::after{clear:both;display:block;content:\\\"\\\";height:0}.fr-hide-by-clipping{position:absolute;width:1px;height:1px;padding:0;margin:-1px;overflow:hidden;clip:rect(0, 0, 0, 0);border:0}img.fr-rounded,.fr-img-caption.fr-rounded img{border-radius:10px;-moz-border-radius:10px;-webkit-border-radius:10px;-moz-background-clip:padding;-webkit-background-clip:padding-box;background-clip:padding-box}img.fr-shadow,.fr-img-caption.fr-shadow img{-webkit-box-shadow:10px 10px 5px 0px #cccccc;-moz-box-shadow:10px 10px 5px 0px #cccccc;box-shadow:10px 10px 5px 0px #cccccc}img.fr-bordered,.fr-img-caption.fr-bordered img{border:solid 5px #CCC}img.fr-bordered{-webkit-box-sizing:content-box;-moz-box-sizing:content-box;box-sizing:content-box}.fr-img-caption.fr-bordered img{-webkit-box-sizing:border-box;-moz-box-sizing:border-box;box-sizing:border-box}li img.fr-dii.fr-fil{margin-right:20px}.fr-view{word-wrap:break-word}span[style~=\\\"color:\\\"] a{color:inherit}strong{font-weight:700}table[border='0'] td:not([class]),table[border='0'] th:not([class]),table[border='0'] td[class=\\\"\\\"],table[border='0'] th[class=\\\"\\\"]{border-width:0px}table{border:none;border-collapse:collapse;empty-cells:show;max-width:100%}table td{min-width:5px}table.fr-dashed-borders td,table.fr-dashed-borders th{border-style:dashed}table.fr-alternate-rows tbody tr:nth-child(2n){background:whitesmoke}table td,table th{border:1px solid #DDD}table td:empty,table th:empty{height:20px}table td.fr-highlighted,table th.fr-highlighted{border:1px double red}table td.fr-thick,table th.fr-thick{border-width:2px}table th{background:#ececec}table tfoot td{background:#ececec}hr{clear:both;user-select:none;-o-user-select:none;-moz-user-select:none;-khtml-user-select:none;-webkit-user-select:none;-ms-user-select:none;break-after:always;page-break-after:always}.fr-file{position:relative}.fr-file::after{position:relative;content:\\\"\\\\1F4CE\\\";font-weight:normal}pre{white-space:pre-wrap;word-wrap:break-word;overflow:visible}.fr-view[dir=\\\"rtl\\\"] blockquote{border-left:none;border-right:solid 2px #5E35B1;margin-right:0;padding-right:5px;padding-left:0}.fr-view[dir=\\\"rtl\\\"] blockquote blockquote{border-color:#00BCD4}.fr-view[dir=\\\"rtl\\\"] blockquote blockquote blockquote{border-color:#43A047}blockquote{border-left:solid 2px #5E35B1;margin-left:0;padding-left:5px;color:#5E35B1}blockquote blockquote{border-color:#00BCD4;color:#00BCD4}blockquote blockquote blockquote{border-color:#43A047;color:#43A047}span.fr-emoticon{font-weight:normal;font-family:\\\"Apple Color Emoji\\\",\\\"Segoe UI Emoji\\\",\\\"NotoColorEmoji\\\",\\\"Segoe UI Symbol\\\",\\\"Android Emoji\\\",\\\"EmojiSymbols\\\";display:inline;line-height:0}span.fr-emoticon.fr-emoticon-img{background-repeat:no-repeat !important;font-size:inherit;height:1em;width:1em;min-height:20px;min-width:20px;display:inline-block;margin:-.1em .1em .1em;line-height:1;vertical-align:middle}.fr-text-gray{color:#AAA !important}.fr-text-bordered{border-top:solid 1px #222;border-bottom:solid 1px #222;padding:10px 0}.fr-text-spaced{letter-spacing:1px}.fr-text-uppercase{text-transform:uppercase}.fr-class-highlighted{background-color:#ffff00}.fr-class-code{border-color:#cccccc;border-radius:2px;-moz-border-radius:2px;-webkit-border-radius:2px;-moz-background-clip:padding;-webkit-background-clip:padding-box;background-clip:padding-box;background:#f5f5f5;padding:10px;font-family:\\\"Courier New\\\", Courier, monospace}.fr-class-transparency{opacity:0.5}img{position:relative;max-width:100%}img.fr-dib{margin:5px auto;display:block;float:none;vertical-align:top}img.fr-dib.fr-fil{margin-left:0;text-align:left}img.fr-dib.fr-fir{margin-right:0;text-align:right}img.fr-dii{display:inline-block;float:none;vertical-align:bottom;margin-left:5px;margin-right:5px;max-width:calc(100% - (2 * 5px))}img.fr-dii.fr-fil{float:left;margin:5px 5px 5px 0;max-width:calc(100% - 5px)}img.fr-dii.fr-fir{float:right;margin:5px 0 5px 5px;max-width:calc(100% - 5px)}span.fr-img-caption{position:relative;max-width:100%}span.fr-img-caption.fr-dib{margin:5px auto;display:block;float:none;vertical-align:top}span.fr-img-caption.fr-dib.fr-fil{margin-left:0;text-align:left}span.fr-img-caption.fr-dib.fr-fir{margin-right:0;text-align:right}span.fr-img-caption.fr-dii{display:inline-block;float:none;vertical-align:bottom;margin-left:5px;margin-right:5px;max-width:calc(100% - (2 * 5px))}span.fr-img-caption.fr-dii.fr-fil{float:left;margin:5px 5px 5px 0;max-width:calc(100% - 5px)}span.fr-img-caption.fr-dii.fr-fir{float:right;margin:5px 0 5px 5px;max-width:calc(100% - 5px)}.fr-video{text-align:center;position:relative}.fr-video.fr-rv{padding-bottom:56.25%;padding-top:30px;height:0;overflow:hidden}.fr-video.fr-rv>iframe,.fr-video.fr-rv object,.fr-video.fr-rv embed{position:absolute !important;top:0;left:0;width:100%;height:100%}.fr-video>*{-webkit-box-sizing:content-box;-moz-box-sizing:content-box;box-sizing:content-box;max-width:100%;border:none}.fr-video.fr-dvb{display:block;clear:both}.fr-video.fr-dvb.fr-fvl{text-align:left}.fr-video.fr-dvb.fr-fvr{text-align:right}.fr-video.fr-dvi{display:inline-block}.fr-video.fr-dvi.fr-fvl{float:left}.fr-video.fr-dvi.fr-fvr{float:right}a.fr-strong{font-weight:700}a.fr-green{color:green}.fr-img-caption{text-align:center}.fr-img-caption .fr-img-wrap{padding:0;margin:auto;text-align:center;width:100%}.fr-img-caption .fr-img-wrap a{display:block}.fr-img-caption .fr-img-wrap img{display:block;margin:auto;width:100%}.fr-img-caption .fr-img-wrap>span{margin:auto;display:block;padding:5px 5px 10px;font-size:14px;font-weight:initial;-webkit-box-sizing:border-box;-moz-box-sizing:border-box;box-sizing:border-box;-webkit-opacity:0.9;-moz-opacity:0.9;opacity:0.9;-ms-filter:\\\"progid:DXImageTransform.Microsoft.Alpha(Opacity=0)\\\";width:100%;text-align:center}button.fr-rounded,input.fr-rounded,textarea.fr-rounded{border-radius:10px;-moz-border-radius:10px;-webkit-border-radius:10px;-moz-background-clip:padding;-webkit-background-clip:padding-box;background-clip:padding-box}button.fr-large,input.fr-large,textarea.fr-large{font-size:24px}span.fr-img-caption.fr-dii.fr-fil,p img.fr-dii.fr-fil{margin-right:15px}a.fr-view.fr-strong{font-weight:700}a.fr-view.fr-green{color:green}img.fr-view{position:relative;max-width:100%}img.fr-view.fr-dib{margin:5px auto;display:block;float:none;vertical-align:top}img.fr-view.fr-dib.fr-fil{margin-left:0;text-align:left}img.fr-view.fr-dib.fr-fir{margin-right:0;text-align:right}img.fr-view.fr-dii{display:inline-block;float:none;vertical-align:bottom;margin-left:5px;margin-right:5px;max-width:calc(100% - (2 * 5px))}img.fr-view.fr-dii.fr-fil{float:left;margin:5px 5px 5px 0;max-width:calc(100% - 5px)}img.fr-view.fr-dii.fr-fir{float:right;margin:5px 0 5px 5px;max-width:calc(100% - 5px)}span.fr-img-caption.fr-view{position:relative;max-width:100%}span.fr-img-caption.fr-view.fr-dib{margin:5px auto;display:block;float:none;vertical-align:top}span.fr-img-caption.fr-view.fr-dib.fr-fil{margin-left:0;text-align:left}span.fr-img-caption.fr-view.fr-dib.fr-fir{margin-right:0;text-align:right}span.fr-img-caption.fr-view.fr-dii{display:inline-block;float:none;vertical-align:bottom;margin-left:5px;margin-right:5px;max-width:calc(100% - (2 * 5px))}span.fr-img-caption.fr-view.fr-dii.fr-fil{float:left;margin:5px 5px 5px 0;max-width:calc(100% - 5px)}span.fr-img-caption.fr-view.fr-dii.fr-fir{float:right;margin:5px 0 5px 5px;max-width:calc(100% - 5px)}\\n\\n\\n    /* Default/Legacy table border styling */\\n    table {\\n        border: 1px solid #ccc;\\n        border-bottom: none;\\n    }\\n    table th,\\n    table td {\\n        border: solid #ccc;\\n        border-width: 0 0 1px 0;\\n    }\\n\\n    /* Newly inserted table border styling */\\n    table.xm-table-internal-borders {\\n      border: none;\\n    }\\n    table.xm-table-internal-borders th,\\n    table.xm-table-internal-borders td {\\n      border-width: 1px;\\n    }\\n    \\n    /* fix for SUP-22708, In Outlook on Windows: \\\"border-collapse: collapse;\\\" will cease to work and behave like \\\"separate\\\"\\n      when the rule is specified an even number of times, yes oh yes, you read that right. Since this rule is already specified\\n      in the froala styles we get an issue when the user also adds a style tag containing that rule. */\\n    table {\\n      border-collapse: collapse;\\n    }\\n\\n      /* Base Froala Styles End */\\n    </style></head><!-- XM Froala Top Level Wrapper Begin {{{ -->\\n    <div id=\\\"xm-froala-top-level-wrapper\\\" class=\\\"fr-view\\\">\\n    <!-- XM Froala Top Level Wrapper Begin }}} --><div style=\\\"width: 768px; margin-left: auto; margin-right: auto;\\\">\\n    <div style=\\\"width: 460px; margin-left: auto; margin-right: auto;\\\">\\n        <div style=\\\"width: 100%; margin: auto; text-align: center;\\\"><img src=\\\"https://static.xmatters.com/integrations/servicenow/images/servicenow-3.png\\\" class=\\\"fr-fic fr-dib\\\"></div>\\n        <div style=\\\"text-align: center; margin: 20px auto;\\\">${person.firstName} ${person.lastName}, <span id=\\\"isPasted\\\" style=\\\"color: rgb(23, 43, 77); font-family: -apple-system, &quot;system-ui&quot;, &quot;Segoe UI&quot;, Roboto, Oxygen, Ubuntu, &quot;Fira Sans&quot;, &quot;Droid Sans&quot;, &quot;Helvetica Neue&quot;, sans-serif; font-size: 14px; font-style: normal; font-variant-ligatures: normal; font-variant-caps: normal; font-weight: 400; letter-spacing: normal; orphans: 2; text-align: left; text-indent: 0px; text-transform: none; white-space: normal; widows: 2; word-spacing: 0px; -webkit-text-stroke-width: 0px; background-color: rgb(255, 255, 255); text-decoration-thickness: initial; text-decoration-style: initial; text-decoration-color: initial; display: inline !important; float: none;\\\"><span id=\\\"isPasted\\\" style=\\\"color: rgb(23, 43, 77); font-family: -apple-system, &quot;system-ui&quot;, &quot;Segoe UI&quot;, Roboto, Oxygen, Ubuntu, &quot;Fira Sans&quot;, &quot;Droid Sans&quot;, &quot;Helvetica Neue&quot;, sans-serif; font-size: 14px; font-style: normal; font-variant-ligatures: normal; font-variant-caps: normal; font-weight: 400; letter-spacing: normal; orphans: 2; text-align: start; text-indent: 0px; text-transform: none; white-space: normal; widows: 2; word-spacing: 0px; -webkit-text-stroke-width: 0px; background-color: rgb(255, 255, 255); text-decoration-thickness: initial; text-decoration-style: initial; text-decoration-color: initial; display: inline !important; float: none;\\\">you're needed for a ServiceNow alert</span></span>:</div>\\n        <div style=\\\"border: #e4e4e4 1px solid; border-radius: 5px;\\\">\\n            <div style=\\\"width: 100%;  display: flex; border-bottom: #e4e4e4 1px solid;\\\">\\n                <div style=\\\"width: 50%; text-align: center; display: block; border-right: #e4e4e4 1px solid;\\\">\\n                    <div style=\\\"margin: auto; text-align: center; display: block; padding: 15px 5px;\\\">\\n                        <div style=\\\"font-weight: bold;\\\">State</div>${0ada1493-7c2a-4bc0-9f2f-b14d36e38380.State}</div></div>\\n                <div style=\\\"width: 50%; text-align: center; display: block;\\\">\\n                    <div style=\\\"margin: auto; text-align: center; display: block; padding: 15px 5px;\\\">\\n                        <div style=\\\"font-weight: bold;\\\">Priority</div>${3c53b105-8432-4cd5-809c-966ca046b469.Priority}</div></div></div>\\n            <div style=\\\"padding: 15px 15px; display: block; border-bottom: #e4e4e4 1px solid;\\\"><span style=\\\"font-weight: bold; margin-bottom: 5px;\\\">Subject:</span> ${0ada1493-7c2a-4bc0-9f2f-b14d36e38380.Short description}</div>\\n            <div style=\\\"padding: 15px 15px; display: block; border-bottom: #e4e4e4 1px solid;\\\"><span style=\\\"font-weight: bold; margin-bottom: 5px;\\\">Description:</span> ${0ada1493-7c2a-4bc0-9f2f-b14d36e38380.Description}</div>\\n            <div style=\\\"padding: 15px 15px; display: block; border-bottom: #e4e4e4 1px solid;\\\"><span style=\\\"font-weight: bold; margin-bottom: 5px;\\\">Assigned To:</span> ${0ada1493-7c2a-4bc0-9f2f-b14d36e38380.Assigned to}</div>\\n            <div style=\\\"padding: 15px 15px; display: block; border-bottom: #e4e4e4 1px solid;\\\"><span style=\\\"font-weight: bold; margin-bottom: 5px;\\\">Assignment Group:</span> ${0ada1493-7c2a-4bc0-9f2f-b14d36e38380.Assignment group}</div>\\n            <div style=\\\"padding: 15px 15px; display: block; border-bottom: #e4e4e4 1px solid;\\\"><span style=\\\"font-weight: bold; margin-bottom: 5px;\\\">Alerting Path:</span> ${person.alertContext}</div>\\n            <div style=\\\"padding: 15px 15px; display: block;\\\">\\n                <div style=\\\"font-weight: bold; margin-bottom: 5px;\\\"><a href=\\\"${0ada1493-7c2a-4bc0-9f2f-b14d36e38380.Record URL}\\\">View incident ${0ada1493-7c2a-4bc0-9f2f-b14d36e38380.Number} in ServiceNow</a></div></div></div>\\n\\t\\t<!-- the following elements are used for processing. Signal ID is required to look up and terminate events using the Get Events step. -->\\n    <div style=\\\"display:none;\\\">${0ada1493-7c2a-4bc0-9f2f-b14d36e38380.Record ID}</div>\\n    <div style=\\\"padding-top: 27px; margin-bottom: 20px;\\\"><img style=\\\"width: 195px;\\\" src=\\\"https://static.xmatters.com/integrations/common/images/powered_by_xmatters_color.png\\\" class=\\\"fr-fic fr-dii\\\"></div>\\n    <div id=\\\"incident-responses\\\">\\n        <!--__X_RESPONSE_CHOICES_PLACEHOLDER__-->\\n        <br>\\n    </div></div></div><!-- XM Froala Top Level Wrapper End {{{ -->\\n    </div>\\n    <!-- XM Froala Top Level Wrapper End }}} -->\"}]",
          "builtInInputId": "c2a258c9-70f0-5ab9-87a0-f16aac6a4f7e"
        },
        {
          "inputPort": "input",
          "mapping": "[\n  {\n    \"action\": \"ASSIGN_TO_USER\",\n    \"allowComments\": true,\n    \"contribution\": \"POSITIVE\",\n    \"description\": \"Assign incident to me\",\n    \"joinConference\": false,\n    \"number\": 1.0,\n    \"prompt\": \"Assign to me\",\n    \"redirectUrl\": \"\",\n    \"text\": \"Assign to Me\",\n    \"id\": \"0cbc5e5a-1939-4f50-aa99-d0636f356ab6\",\n    \"triggerBlockId\": \"b98e0776-3d89-4648-a50c-6912937d21d8\",\n    \"integrationId\": \"ee514dec-18a5-4772-a49f-f35c7bb39f31\"\n  },\n  {\n    \"action\": \"ESCALATE\",\n    \"allowComments\": true,\n    \"contribution\": \"NEGATIVE\",\n    \"description\": \"Assign incident to the next group member on call\",\n    \"joinConference\": false,\n    \"number\": 2.0,\n    \"prompt\": \"Assign to Next On Call\",\n    \"redirectUrl\": \"\",\n    \"text\": \"Assign to Next On Call\",\n    \"id\": \"339864a5-49ac-4972-bb1a-d8188721a224\",\n    \"triggerBlockId\": \"f9e44d02-986a-4666-b61d-bf14862ee525\",\n    \"integrationId\": \"bb460f1c-f9d0-412c-b1e7-0ec15ed9301d\"\n  }\n]",
          "builtInInputId": "ac190a1d-00b8-5aea-8543-12459dd918a7"
        },
        {
          "inputPort": "input",
          "mapping": "callbackonly",
          "builtInInputId": "94bf035f-007b-5da6-996b-d122ff92e7b3"
        }
      ]
    },
    {
      "id": "1c3b5d87-0f95-4819-ba15-e8023fdf17a8",
      "label": "Notify Assignment Group - Alert Comments",
      "environment": "HOSTED",
      "presentation": "{\"w\":100,\"h\":50}",
      "step": "e7a27f88-a0b5-4d59-b3cf-5bf663be7f34",
      "stepType": "INTEGRATION",
      "groupingBlockId": "414b5e32-7de9-4ebf-b3db-0f57b9e9006d"
    },
    {
      "id": "b98e0776-3d89-4648-a50c-6912937d21d8",
      "label": "Notify Assignment Group - Assign to Me",
      "environment": "HOSTED",
      "presentation": "{\"w\":100,\"h\":50}",
      "step": "ee514dec-18a5-4772-a49f-f35c7bb39f31",
      "stepType": "INTEGRATION",
      "groupingBlockId": "414b5e32-7de9-4ebf-b3db-0f57b9e9006d"
    },
    {
      "id": "f9e44d02-986a-4666-b61d-bf14862ee525",
      "label": "Notify Assignment Group - Assign to Next On Call",
      "environment": "HOSTED",
      "presentation": "{\"w\":100,\"h\":50}",
      "step": "bb460f1c-f9d0-412c-b1e7-0ec15ed9301d",
      "stepType": "INTEGRATION",
      "groupingBlockId": "414b5e32-7de9-4ebf-b3db-0f57b9e9006d"
    },
    {
      "id": "5ab6179a-d2de-419a-b464-4307cfba32d2",
      "label": "Notify Assignment Group - Device Delivery Updates",
      "environment": "HOSTED",
      "presentation": "{\"w\":100,\"h\":50}",
      "step": "1c55f56a-a5b0-48d7-a25c-0b5b186f618d",
      "stepType": "INTEGRATION",
      "groupingBlockId": "414b5e32-7de9-4ebf-b3db-0f57b9e9006d"
    },
    {
      "id": "efd88b2e-8f5d-4ba2-8ebc-7c4b3bd25d2d",
      "label": "Notify Assignment Group - Response",
      "environment": "HOSTED",
      "presentation": "{\"w\":100,\"h\":50}",
      "stepType": "RESPONSES",
      "groupingBlockId": "414b5e32-7de9-4ebf-b3db-0f57b9e9006d"
    },
    {
      "id": "0ada1493-7c2a-4bc0-9f2f-b14d36e38380",
      "endpoint": "ServiceNow",
      "label": "ServiceNow Record Alerts Incident [incident]",
      "environment": "HOSTED",
      "presentation": "{\"w\":100,\"x\":0,\"h\":50,\"y\":40}",
      "step": "06a1baf8-4e7c-4505-ab87-06e432236202",
      "stepType": "INTEGRATION",
      "inputMappings": [
        {
          "inputPort": "input",
          "mapping": "{\"value\":\"incident\",\"label\":\"Incident [incident]\"}",
          "stepInput": "6fb516fe-5a42-5e28-9323-7c7608961a92"
        },
        {
          "inputPort": "input",
          "mapping": "[{\"dataOriginPointer\":{\"value\":\"number\",\"label\":\"Number\",\"atDepth\":[\"primaryRecord\",\"number\"],\"type\":\"string\"},\"id\":\"2d538584-82b1-48dc-8bc0-144690c07fb7\",\"name\":\"Number\",\"description\":\"Unique identifier assigned to the incident by ServiceNow.\",\"isShadowOf\":\"\",\"groupIndex\":0,\"position\":0},{\"dataOriginPointer\":{\"value\":\"number\",\"label\":\"Number\",\"atDepth\":[\"secondaryRecord\",\"number\"]},\"id\":\"c415c86b-6461-4702-ba50-6a3cd5f9b36a\",\"name\":\"Number - Previous \",\"description\":\"Unique identifier assigned to the incident by ServiceNow. {previous.number}\",\"isShadowOf\":\"2d538584-82b1-48dc-8bc0-144690c07fb7\",\"groupIndex\":0,\"position\":1},{\"dataOriginPointer\":{\"value\":\"short_description\",\"label\":\"Short description\",\"atDepth\":[\"primaryRecord\",\"short_description\"],\"type\":\"string\"},\"id\":\"3a7846fc-b1c0-4d39-9443-bb8c20434f8a\",\"name\":\"Short description\",\"description\":\"A short description of the incident.\",\"isShadowOf\":\"\",\"groupIndex\":1,\"position\":2},{\"dataOriginPointer\":{\"value\":\"short_description\",\"label\":\"Short description\",\"atDepth\":[\"secondaryRecord\",\"short_description\"]},\"id\":\"34eaa872-3e65-49f0-93a2-593051277a3d\",\"name\":\"Short description - Previous \",\"description\":\"A short description of the incident. {previous.short_description}\",\"isShadowOf\":\"3a7846fc-b1c0-4d39-9443-bb8c20434f8a\",\"groupIndex\":1,\"position\":3},{\"dataOriginPointer\":{\"value\":\"description\",\"label\":\"Description\",\"atDepth\":[\"primaryRecord\",\"description\"],\"type\":\"string\"},\"id\":\"99b7b1b4-b409-43fa-866b-f05dd9bb195f\",\"name\":\"Description\",\"description\":\"A detailed explanation of the issue.\",\"isShadowOf\":\"\",\"groupIndex\":2,\"position\":4},{\"dataOriginPointer\":{\"value\":\"description\",\"label\":\"Description\",\"atDepth\":[\"secondaryRecord\",\"description\"]},\"id\":\"da357489-0812-4540-8fb9-db29920b24f6\",\"name\":\"Description - Previous \",\"description\":\"A detailed explanation of the issue. {previous.description}\",\"isShadowOf\":\"99b7b1b4-b409-43fa-866b-f05dd9bb195f\",\"groupIndex\":2,\"position\":5},{\"dataOriginPointer\":{\"value\":\"assigned_to\",\"label\":\"Assigned to\",\"atDepth\":[\"primaryRecord\",\"assigned_to\",\"display_value\"],\"type\":\"reference\",\"reference\":\"sys_user\"},\"id\":\"98ff577d-0f5a-40ee-ab21-dc5f737cd427\",\"name\":\"Assigned to\",\"description\":\"The user in ServiceNow to assign the incident to. Valid values are their user ID, username, or email address.\",\"isShadowOf\":\"\",\"groupIndex\":3,\"position\":6},{\"dataOriginPointer\":{\"value\":\"assigned_to\",\"label\":\"Assigned to\",\"atDepth\":[\"secondaryRecord\",\"assigned_to\",\"display_value\"]},\"id\":\"c9ad3c4b-6bd1-406c-8a14-3905e053cce3\",\"name\":\"Assigned to - Previous \",\"description\":\"The user in ServiceNow to assign the incident to. Valid values are their user ID, username, or email address. \",\"isShadowOf\":\"98ff577d-0f5a-40ee-ab21-dc5f737cd427\",\"groupIndex\":3,\"position\":7},{\"dataOriginPointer\":{\"value\":\"assigned_to\",\"label\":\"Assigned to\",\"atDepth\":[\"primaryRecord\",\"assigned_to\",\"sys_id\"]},\"id\":\"c2864258-2fab-4a36-970c-66aeaab63f20\",\"name\":\"Assigned to - Record ID\",\"description\":\"The user in ServiceNow to assign the incident to. Valid values are their user ID, username, or email address. \",\"isShadowOf\":\"98ff577d-0f5a-40ee-ab21-dc5f737cd427\",\"groupIndex\":3,\"position\":8},{\"dataOriginPointer\":{\"value\":\"assigned_to\",\"label\":\"Assigned to\",\"atDepth\":[\"secondaryRecord\",\"assigned_to\",\"sys_id\"]},\"id\":\"6ea5ad88-6510-4e02-ad90-5100c5063532\",\"name\":\"Assigned to - Previous Record ID\",\"description\":\"The user in ServiceNow to assign the incident to. Valid values are their user ID, username, or email address. \",\"isShadowOf\":\"98ff577d-0f5a-40ee-ab21-dc5f737cd427\",\"groupIndex\":3,\"position\":9},{\"dataOriginPointer\":{\"value\":\"assigned_to\",\"label\":\"Assigned to\",\"atDepth\":[\"primaryRecord\",\"assigned_to\",\"username\"]},\"id\":\"7775cba5-9636-443b-a0b7-525100dc0d0b\",\"name\":\"Assigned to - Username\",\"description\":\"The user in ServiceNow to assign the incident to. Valid values are their user ID, username, or email address. \",\"isShadowOf\":\"98ff577d-0f5a-40ee-ab21-dc5f737cd427\",\"groupIndex\":3,\"position\":10},{\"dataOriginPointer\":{\"value\":\"assigned_to\",\"label\":\"Assigned to\",\"atDepth\":[\"secondaryRecord\",\"assigned_to\",\"username\"]},\"id\":\"e67f9594-9612-4643-8464-5b06682f0b37\",\"name\":\"Assigned to - Previous Username\",\"description\":\"The user in ServiceNow to assign the incident to. Valid values are their user ID, username, or email address. \",\"isShadowOf\":\"98ff577d-0f5a-40ee-ab21-dc5f737cd427\",\"groupIndex\":3,\"position\":11},{\"dataOriginPointer\":{\"value\":\"assignment_group\",\"label\":\"Assignment group\",\"atDepth\":[\"primaryRecord\",\"assignment_group\",\"display_value\"],\"type\":\"reference\",\"reference\":\"sys_user_group\"},\"id\":\"12f95ad8-a21c-46c9-b929-7d4f17397a9b\",\"name\":\"Assignment group\",\"description\":\"The group in ServiceNow to assign the incident to. This can be the group ID or name from ServiceNow.\",\"isShadowOf\":\"\",\"groupIndex\":4,\"position\":12},{\"dataOriginPointer\":{\"value\":\"assignment_group\",\"label\":\"Assignment group\",\"atDepth\":[\"secondaryRecord\",\"assignment_group\",\"display_value\"]},\"id\":\"29e46bb7-a352-4f1f-a159-cfc9a025a8ce\",\"name\":\"Assignment group - Previous \",\"description\":\"The group in ServiceNow to assign the incident to. This can be the group ID or name from ServiceNow. {previous\",\"isShadowOf\":\"12f95ad8-a21c-46c9-b929-7d4f17397a9b\",\"groupIndex\":4,\"position\":13},{\"dataOriginPointer\":{\"value\":\"assignment_group\",\"label\":\"Assignment group\",\"atDepth\":[\"primaryRecord\",\"assignment_group\",\"sys_id\"]},\"id\":\"cc080fe5-6e0f-44aa-b4a2-d1ef695936a0\",\"name\":\"Assignment group - Record ID\",\"description\":\"The group in ServiceNow to assign the incident to. This can be the group ID or name from ServiceNow. {current.\",\"isShadowOf\":\"12f95ad8-a21c-46c9-b929-7d4f17397a9b\",\"groupIndex\":4,\"position\":14},{\"dataOriginPointer\":{\"value\":\"assignment_group\",\"label\":\"Assignment group\",\"atDepth\":[\"secondaryRecord\",\"assignment_group\",\"sys_id\"]},\"id\":\"2b7f0981-fc2f-40df-a072-41f15ebfc5c3\",\"name\":\"Assignment group - Previous Record ID\",\"description\":\"The group in ServiceNow to assign the incident to. This can be the group ID or name from ServiceNow. {previous\",\"isShadowOf\":\"12f95ad8-a21c-46c9-b929-7d4f17397a9b\",\"groupIndex\":4,\"position\":15},{\"dataOriginPointer\":{\"value\":\"state\",\"label\":\"State\",\"atDepth\":[\"primaryRecord\",\"state\"],\"type\":\"choice\"},\"id\":\"b172a9b7-92be-4c66-9f74-ed3ec3bddde3\",\"name\":\"State\",\"description\":\"The state to apply to the incident. To resolve the incident, the parameter must be set to 6 or 7.\",\"isShadowOf\":\"\",\"groupIndex\":5,\"position\":16},{\"dataOriginPointer\":{\"value\":\"state\",\"label\":\"State\",\"atDepth\":[\"secondaryRecord\",\"state\"]},\"id\":\"6d4da47b-0e24-4028-87ae-52085cea10e8\",\"name\":\"State - Previous \",\"description\":\"The state to apply to the incident. To resolve the incident, the parameter must be set to 6 or 7. {previous.st\",\"isShadowOf\":\"b172a9b7-92be-4c66-9f74-ed3ec3bddde3\",\"groupIndex\":5,\"position\":17},{\"dataOriginPointer\":{\"value\":\"priority\",\"label\":\"Priority\",\"atDepth\":[\"primaryRecord\",\"priority\"],\"type\":\"choice\"},\"id\":\"650aa332-1ea7-4cd0-9a75-b150b1365fb9\",\"name\":\"Priority\",\"description\":\"The priority assigned by ServiceNow.\",\"isShadowOf\":\"\",\"groupIndex\":6,\"position\":18},{\"dataOriginPointer\":{\"value\":\"priority\",\"label\":\"Priority\",\"atDepth\":[\"secondaryRecord\",\"priority\"]},\"id\":\"1f4975d4-80c0-4c5c-b20e-800694eea996\",\"name\":\"Priority - Previous \",\"description\":\"The priority assigned by ServiceNow. {previous.priority}\",\"isShadowOf\":\"650aa332-1ea7-4cd0-9a75-b150b1365fb9\",\"groupIndex\":6,\"position\":19},{\"dataOriginPointer\":{\"value\":\"major_incident_state\",\"label\":\"Major incident state\",\"atDepth\":[\"primaryRecord\",\"major_incident_state\"],\"type\":\"choice\"},\"id\":\"a5d29ada-bbf2-47ea-902b-ae768814647d\",\"name\":\"Major incident state\",\"description\":\"\",\"isShadowOf\":\"\",\"groupIndex\":7,\"position\":20},{\"dataOriginPointer\":{\"value\":\"major_incident_state\",\"label\":\"Major incident state\",\"atDepth\":[\"secondaryRecord\",\"major_incident_state\"]},\"id\":\"a10674fe-ea0f-47a3-b6e4-bab2f6a3e1f8\",\"name\":\"Major incident state - Previous \",\"description\":\"{previous.major_incident_state}\",\"isShadowOf\":\"a5d29ada-bbf2-47ea-902b-ae768814647d\",\"groupIndex\":7,\"position\":21},{\"dataOriginPointer\":{\"value\":\"cmdb_ci\",\"label\":\"Configuration item\",\"atDepth\":[\"primaryRecord\",\"cmdb_ci\",\"display_value\"],\"type\":\"reference\",\"reference\":\"cmdb_ci\"},\"id\":\"8d8c50dd-7b9b-4cc6-8f51-50fd969620c1\",\"name\":\"Configuration item\",\"description\":\"\",\"isShadowOf\":\"\",\"groupIndex\":8,\"position\":22},{\"dataOriginPointer\":{\"value\":\"cmdb_ci\",\"label\":\"Configuration item\",\"atDepth\":[\"secondaryRecord\",\"cmdb_ci\",\"display_value\"]},\"id\":\"250c5b6f-3a17-48af-9fd1-8d8b41ed1eed\",\"name\":\"Configuration item - Previous \",\"description\":\"{previous.cmdb_ci.display_value}\",\"isShadowOf\":\"8d8c50dd-7b9b-4cc6-8f51-50fd969620c1\",\"groupIndex\":8,\"position\":23},{\"dataOriginPointer\":{\"value\":\"cmdb_ci\",\"label\":\"Configuration item\",\"atDepth\":[\"primaryRecord\",\"cmdb_ci\",\"sys_id\"]},\"id\":\"b65c695b-9b16-4f49-9e36-0e783ad699d2\",\"name\":\"Configuration item - Record ID\",\"description\":\"{current.cmdb_ci.sys_id}\",\"isShadowOf\":\"8d8c50dd-7b9b-4cc6-8f51-50fd969620c1\",\"groupIndex\":8,\"position\":24},{\"dataOriginPointer\":{\"value\":\"cmdb_ci\",\"label\":\"Configuration item\",\"atDepth\":[\"secondaryRecord\",\"cmdb_ci\",\"sys_id\"]},\"id\":\"92c43a3c-29d8-4b14-b170-56b43691a126\",\"name\":\"Configuration item - Previous Record ID\",\"description\":\"{previous.cmdb_ci.sys_id}\",\"isShadowOf\":\"8d8c50dd-7b9b-4cc6-8f51-50fd969620c1\",\"groupIndex\":8,\"position\":25}]",
          "stepInput": "643a6a82-a9a3-51a9-b438-a9a3b5ef1452"
        }
      ],
      "dynamicOutputs": [
        {
          "id": "a5d29ada-bbf2-47ea-902b-ae768814647d",
          "name": "Major incident state",
          "description": "",
          "position": 20,
          "integrationScriptStepUuid": "acc4467d-0242-571f-b62c-f0a1e863e4db"
        },
        {
          "id": "a10674fe-ea0f-47a3-b6e4-bab2f6a3e1f8",
          "name": "Major incident state - Previous ",
          "description": "{previous.major_incident_state}",
          "position": 21,
          "integrationScriptStepUuid": "acc4467d-0242-571f-b62c-f0a1e863e4db"
        },
        {
          "id": "8d8c50dd-7b9b-4cc6-8f51-50fd969620c1",
          "name": "Configuration item",
          "description": "",
          "position": 22,
          "integrationScriptStepUuid": "acc4467d-0242-571f-b62c-f0a1e863e4db"
        },
        {
          "id": "250c5b6f-3a17-48af-9fd1-8d8b41ed1eed",
          "name": "Configuration item - Previous ",
          "description": "{previous.cmdb_ci.display_value}",
          "position": 23,
          "integrationScriptStepUuid": "acc4467d-0242-571f-b62c-f0a1e863e4db"
        },
        {
          "id": "b65c695b-9b16-4f49-9e36-0e783ad699d2",
          "name": "Configuration item - Record ID",
          "description": "{current.cmdb_ci.sys_id}",
          "position": 24,
          "integrationScriptStepUuid": "acc4467d-0242-571f-b62c-f0a1e863e4db"
        },
        {
          "id": "92c43a3c-29d8-4b14-b170-56b43691a126",
          "name": "Configuration item - Previous Record ID",
          "description": "{previous.cmdb_ci.sys_id}",
          "position": 25,
          "integrationScriptStepUuid": "acc4467d-0242-571f-b62c-f0a1e863e4db"
        }
      ]
    },
    {
      "id": "39d842c6-c6d0-4c48-bfa7-1333f05d19b3",
      "label": "Signal Mode",
      "environment": "HOSTED",
      "presentation": "{\"w\":100,\"x\":870,\"h\":50,\"y\":41}",
      "stepType": "SWITCH",
      "inputMappings": [
        {
          "inputPort": "input",
          "mapping": "${0ada1493-7c2a-4bc0-9f2f-b14d36e38380.Signal Mode}"
        }
      ],
      "switchCases": [
        {
          "caseId": "41eb72e4-dfdb-4aae-aba6-d480813bae08",
          "caseValue": "user assignment"
        },
        {
          "caseId": "1ef9a798-c526-42e5-ba6c-f224513f3e51",
          "caseValue": "group assignment"
        },
        {
          "caseId": "2a1a00b8-5c8f-4e0f-97ec-06dc59f4c294",
          "caseValue": "assignment removed"
        },
        {
          "caseId": "b8583ff3-0a48-4ec2-8b78-1a01d4ec3a9b",
          "caseValue": "incident inactive"
        },
        {
          "caseId": "904c912f-8668-4cd1-adea-bf89789fbc27",
          "caseValue": "incident downgraded"
        },
        {
          "caseId": "8431cb08-2dbc-4e55-bfc5-0690f3b29dd5",
          "caseValue": "incident updated"
        },
        {
          "caseId": "28a79695-cc19-4eba-ae09-4b3a7e68120e",
          "caseValue": "comment added"
        }
      ]
    },
    {
      "id": "810b31cc-e82a-45f2-a720-064eb1dce633",
      "label": "Terminate Alerts",
      "environment": "HOSTED",
      "presentation": "{\"w\":100,\"x\":1090,\"h\":50,\"y\":191}",
      "step": "798e3053-b4b4-5e8c-ba84-8a11c3be6237",
      "stepType": "SCRIPT_STEP",
      "inputMappings": [
        {
          "inputPort": "input",
          "mapping": "${5df4efc5-8446-49b0-afd3-fa57c9b7bc1d.Alert IDs}",
          "stepInput": "4fdf2591-4925-5682-8911-f0163d7f98dd"
        }
      ]
    },
    {
      "id": "2461e0d5-14ea-4551-bfe8-27ca9c3b63f3",
      "label": "Terminate Alerts",
      "environment": "HOSTED",
      "presentation": "{\"w\":100,\"x\":1090,\"h\":50,\"y\":644}",
      "step": "798e3053-b4b4-5e8c-ba84-8a11c3be6237",
      "stepType": "SCRIPT_STEP",
      "inputMappings": [
        {
          "inputPort": "input",
          "mapping": "${5df4efc5-8446-49b0-afd3-fa57c9b7bc1d.Alert IDs}",
          "stepInput": "4fdf2591-4925-5682-8911-f0163d7f98dd"
        }
      ]
    },
    {
      "id": "370faa58-55f1-4f1d-93d3-d916a20edbe7",
      "label": "Terminate Alerts",
      "environment": "HOSTED",
      "presentation": "{\"w\":100,\"x\":1090,\"h\":50,\"y\":342}",
      "step": "798e3053-b4b4-5e8c-ba84-8a11c3be6237",
      "stepType": "SCRIPT_STEP",
      "inputMappings": [
        {
          "inputPort": "input",
          "mapping": "${5df4efc5-8446-49b0-afd3-fa57c9b7bc1d.Alert IDs}",
          "stepInput": "4fdf2591-4925-5682-8911-f0163d7f98dd"
        }
      ]
    },
    {
      "id": "0c423997-70a1-4765-99cb-f82766243cdf",
      "endpoint": "ServiceNow",
      "label": "Update Record - Incident [incident]",
      "environment": "HOSTED",
      "presentation": "{\"w\":100,\"x\":1530,\"h\":50,\"y\":559}",
      "step": "cc8d9236-e916-576d-bf74-da8a5141b394",
      "stepType": "SCRIPT_STEP",
      "inputMappings": [
        {
          "inputPort": "input",
          "mapping": "{\"value\":\"incident\",\"label\":\"Incident [incident]\"}",
          "stepInput": "35e3c626-24df-5cb6-aa86-a92a1c62eb92"
        },
        {
          "inputPort": "input",
          "mapping": "[{\"dataOriginPointer\":{\"value\":\"state\",\"label\":\"State\",\"type\":\"choice\"},\"id\":\"7bad43f5-afa4-4e5c-891f-278caceed5b0\",\"name\":\"State\",\"position\":0,\"failIfEmpty\":false,\"inputValue\":\"In Progress\"},{\"dataOriginPointer\":{\"value\":\"work_notes\",\"label\":\"Work notes\",\"type\":\"journal_input\"},\"id\":\"a9411ff2-6984-4ae5-b564-3a84c3a340af\",\"name\":\"Work notes\",\"position\":1,\"failIfEmpty\":false,\"inputValue\":\"${1c0a74df-fdef-4f17-88ab-a019d626ef6e.respondedTo.by.firstName} ${1c0a74df-fdef-4f17-88ab-a019d626ef6e.respondedTo.by.lastName} (${1c0a74df-fdef-4f17-88ab-a019d626ef6e.respondedTo.by.targetName}) responded: ${1c0a74df-fdef-4f17-88ab-a019d626ef6e.response.response}\"}]",
          "stepInput": "1d154f73-037b-5a2f-8518-e6fef6434a61"
        },
        {
          "inputPort": "input",
          "mapping": "${0ada1493-7c2a-4bc0-9f2f-b14d36e38380.Record ID}",
          "stepInput": "f26018b2-ec77-5ef6-b2ff-7477afe47b89"
        }
      ]
    },
    {
      "id": "173b4968-4521-4125-8997-b60403ad4cfb",
      "endpoint": "ServiceNow",
      "label": "Update Record - Incident [incident]",
      "environment": "HOSTED",
      "presentation": "{\"w\":100,\"x\":1530,\"h\":50,\"y\":1709}",
      "step": "cc8d9236-e916-576d-bf74-da8a5141b394",
      "stepType": "SCRIPT_STEP",
      "inputMappings": [
        {
          "inputPort": "input",
          "mapping": "{\"value\":\"incident\",\"label\":\"Incident [incident]\"}",
          "stepInput": "35e3c626-24df-5cb6-aa86-a92a1c62eb92"
        },
        {
          "inputPort": "input",
          "mapping": "[{\"dataOriginPointer\":{\"value\":\"assigned_to\",\"label\":\"Assigned to\",\"type\":\"reference\",\"reference\":\"sys_user\"},\"id\":\"3529b54e-3f00-45cb-9a51-264aefc9509f\",\"name\":\"Assigned to\",\"position\":0,\"failIfEmpty\":false,\"inputValue\":\"${414b5e32-7de9-4ebf-b3db-0f57b9e9006d.respondedTo.by.targetName}\"},{\"dataOriginPointer\":{\"value\":\"state\",\"label\":\"State\",\"type\":\"choice\"},\"id\":\"eb7e1f0d-fdc2-4061-8b6e-4b109a5d222a\",\"name\":\"State\",\"position\":1,\"failIfEmpty\":false,\"inputValue\":\"In Progress\"},{\"dataOriginPointer\":{\"value\":\"work_notes\",\"label\":\"Work notes\",\"type\":\"journal_input\"},\"id\":\"4116ebc6-9d98-41a2-921e-5748ae613f1e\",\"name\":\"Work notes\",\"position\":2,\"failIfEmpty\":false,\"inputValue\":\"${414b5e32-7de9-4ebf-b3db-0f57b9e9006d.respondedTo.by.firstName} ${414b5e32-7de9-4ebf-b3db-0f57b9e9006d.respondedTo.by.lastName} (${414b5e32-7de9-4ebf-b3db-0f57b9e9006d.respondedTo.by.targetName}) responded: ${414b5e32-7de9-4ebf-b3db-0f57b9e9006d.response.response}\"}]",
          "stepInput": "1d154f73-037b-5a2f-8518-e6fef6434a61"
        },
        {
          "inputPort": "input",
          "mapping": "${0ada1493-7c2a-4bc0-9f2f-b14d36e38380.Record ID}",
          "stepInput": "f26018b2-ec77-5ef6-b2ff-7477afe47b89"
        }
      ]
    }
  ],
  "edges": [
    {
      "fromBlock": "810b31cc-e82a-45f2-a720-064eb1dce633",
      "fromPort": "output",
      "toBlock": "1c0a74df-fdef-4f17-88ab-a019d626ef6e",
      "toPort": "input"
    },
    {
      "fromBlock": "b98e0776-3d89-4648-a50c-6912937d21d8",
      "fromPort": "output",
      "toBlock": "173b4968-4521-4125-8997-b60403ad4cfb",
      "toPort": "input"
    },
    {
      "fromBlock": "e71731ca-17d5-401b-9ce9-7e85fbb78304",
      "fromPort": "output",
      "toBlock": "0024ecd9-0dc0-4aa7-a383-a7b1fc6bf457",
      "toPort": "input"
    },
    {
      "fromBlock": "f42516c2-c3fd-430a-a86e-c4b64f841b41",
      "fromPort": "output",
      "toBlock": "1b827c6b-f1ca-4aec-8e12-09b39cf717ec",
      "toPort": "input"
    },
    {
      "fromBlock": "f9e44d02-986a-4666-b61d-bf14862ee525",
      "fromPort": "output",
      "toBlock": "daabb338-3c95-45eb-8273-4a4757cec057",
      "toPort": "input"
    },
    {
      "fromBlock": "ff6e0363-1bc5-4242-bbbc-96acdcf629cc",
      "fromPort": "output",
      "toBlock": "0c423997-70a1-4765-99cb-f82766243cdf",
      "toPort": "input"
    },
    {
      "fromBlock": "0ada1493-7c2a-4bc0-9f2f-b14d36e38380",
      "fromPort": "output",
      "toBlock": "5df4efc5-8446-49b0-afd3-fa57c9b7bc1d",
      "toPort": "input"
    },
    {
      "fromBlock": "1c3b5d87-0f95-4819-ba15-e8023fdf17a8",
      "fromPort": "output",
      "toBlock": "d43b5a96-4491-41d2-aaf0-997b7eb3a072",
      "toPort": "input"
    },
    {
      "fromBlock": "2461e0d5-14ea-4551-bfe8-27ca9c3b63f3",
      "fromPort": "output",
      "toBlock": "df85d6a9-9340-4ab7-b69e-77046948a8ae",
      "toPort": "input"
    },
    {
      "fromBlock": "370faa58-55f1-4f1d-93d3-d916a20edbe7",
      "fromPort": "output",
      "toBlock": "414b5e32-7de9-4ebf-b3db-0f57b9e9006d",
      "toPort": "input"
    },
    {
      "fromBlock": "39d842c6-c6d0-4c48-bfa7-1333f05d19b3",
      "fromPort": "41eb72e4-dfdb-4aae-aba6-d480813bae08",
      "toBlock": "810b31cc-e82a-45f2-a720-064eb1dce633",
      "toPort": "input"
    },
    {
      "fromBlock": "39d842c6-c6d0-4c48-bfa7-1333f05d19b3",
      "fromPort": "28a79695-cc19-4eba-ae09-4b3a7e68120e",
      "toBlock": "ce15ec72-f983-403e-8bba-de3c65434add",
      "toPort": "input"
    },
    {
      "fromBlock": "39d842c6-c6d0-4c48-bfa7-1333f05d19b3",
      "fromPort": "2a1a00b8-5c8f-4e0f-97ec-06dc59f4c294",
      "toBlock": "2461e0d5-14ea-4551-bfe8-27ca9c3b63f3",
      "toPort": "input"
    },
    {
      "fromBlock": "39d842c6-c6d0-4c48-bfa7-1333f05d19b3",
      "fromPort": "904c912f-8668-4cd1-adea-bf89789fbc27",
      "toBlock": "2461e0d5-14ea-4551-bfe8-27ca9c3b63f3",
      "toPort": "input"
    },
    {
      "fromBlock": "39d842c6-c6d0-4c48-bfa7-1333f05d19b3",
      "fromPort": "b8583ff3-0a48-4ec2-8b78-1a01d4ec3a9b",
      "toBlock": "2461e0d5-14ea-4551-bfe8-27ca9c3b63f3",
      "toPort": "input"
    },
    {
      "fromBlock": "39d842c6-c6d0-4c48-bfa7-1333f05d19b3",
      "fromPort": "1ef9a798-c526-42e5-ba6c-f224513f3e51",
      "toBlock": "370faa58-55f1-4f1d-93d3-d916a20edbe7",
      "toPort": "input"
    },
    {
      "fromBlock": "3c53b105-8432-4cd5-809c-966ca046b469",
      "fromPort": "output",
      "toBlock": "39d842c6-c6d0-4c48-bfa7-1333f05d19b3",
      "toPort": "input"
    },
    {
      "fromBlock": "58f408d7-544c-450c-b5bd-700cfdd162b8",
      "fromPort": "output",
      "toBlock": "f12b78ab-c758-4832-a993-e86e23d13fc1",
      "toPort": "input"
    },
    {
      "fromBlock": "5ab6179a-d2de-419a-b464-4307cfba32d2",
      "fromPort": "output",
      "toBlock": "44da87a3-7229-4fce-b82d-885b6ed358f0",
      "toPort": "input"
    },
    {
      "fromBlock": "5df4efc5-8446-49b0-afd3-fa57c9b7bc1d",
      "fromPort": "output",
      "toBlock": "3c53b105-8432-4cd5-809c-966ca046b469",
      "toPort": "input"
    }
  ]
}