{
  "name": "Major Incident",
  "description": "",
  "blocks": [
    {
      "id": "26d707ce-8c63-4fd5-9346-d1ada3edbddc",
      "endpoint": "ServiceNow",
      "label": "Add Comment",
      "environment": "HOSTED",
      "presentation": "{\"w\":100,\"x\":440,\"h\":50,\"y\":780}",
      "step": "665a0a87-4281-5b61-a68e-86d226577aad",
      "stepType": "SCRIPT_STEP",
      "inputMappings": [
        {
          "inputPort": "input",
          "mapping": "incident_task",
          "stepInput": "a5d45d61-6f2d-5561-bd2c-b2d8f31f0e2f"
        },
        {
          "inputPort": "input",
          "mapping": "${cb96d81e-47c9-499d-8add-a6c1daccf75c.Record ID}",
          "stepInput": "5204e1a9-205e-5d2e-ac57-868ae8d0cd65"
        },
        {
          "inputPort": "input",
          "mapping": "true",
          "stepInput": "9fdc2c12-97de-5da9-8f6c-ba5e72918b93"
        },
        {
          "inputPort": "input",
          "mapping": "(Incident Task - ${9f089205-2568-4cd2-85fb-47e4a046687b.alert.alertId}) [code]<b>${9f089205-2568-4cd2-85fb-47e4a046687b.annotation.author.firstName} ${9f089205-2568-4cd2-85fb-47e4a046687b.annotation.author.lastName} (${9f089205-2568-4cd2-85fb-47e4a046687b.annotation.author.targetName})</b> responded: <b>${9f089205-2568-4cd2-85fb-47e4a046687b.annotation.response.response}</b>[/code]",
          "stepInput": "8f20560c-148e-5431-abfe-bc948a577da9"
        }
      ]
    },
    {
      "id": "46ebf45c-73c9-4f9f-80f7-9391fa3406e6",
      "endpoint": "ServiceNow",
      "label": "Add Comment",
      "environment": "HOSTED",
      "presentation": "{\"w\":100,\"x\":440,\"h\":50,\"y\":575}",
      "step": "665a0a87-4281-5b61-a68e-86d226577aad",
      "stepType": "SCRIPT_STEP",
      "inputMappings": [
        {
          "inputPort": "input",
          "mapping": "incident_task",
          "stepInput": "a5d45d61-6f2d-5561-bd2c-b2d8f31f0e2f"
        },
        {
          "inputPort": "input",
          "mapping": "${cb96d81e-47c9-499d-8add-a6c1daccf75c.Record ID}",
          "stepInput": "5204e1a9-205e-5d2e-ac57-868ae8d0cd65"
        },
        {
          "inputPort": "input",
          "mapping": "true",
          "stepInput": "9fdc2c12-97de-5da9-8f6c-ba5e72918b93"
        },
        {
          "inputPort": "input",
          "mapping": "(Incident Task - ${9f089205-2568-4cd2-85fb-47e4a046687b.alert.alertId}) [code]<b>${9f089205-2568-4cd2-85fb-47e4a046687b.respondedTo.by.firstName} ${9f089205-2568-4cd2-85fb-47e4a046687b.respondedTo.by.lastName} (${9f089205-2568-4cd2-85fb-47e4a046687b.respondedTo.by.targetName})</b> responded: <b>${9f089205-2568-4cd2-85fb-47e4a046687b.response.response}</b>[/code]",
          "stepInput": "8f20560c-148e-5431-abfe-bc948a577da9"
        }
      ]
    },
    {
      "id": "ed0576f5-6054-4a09-b1bb-c26ce70a5f82",
      "label": "Communication Task Alert",
      "environment": "HOSTED",
      "presentation": "{\"w\":100,\"x\":1100,\"h\":50,\"y\":1130}",
      "stepType": "CREATE_ALERT",
      "inputMappings": [
        {
          "inputPort": "input",
          "mapping": "[{\"language\":\"en\",\"steps\":[{\"playback\":\"TTS\",\"phrase\":\"Communication task for Incident:\",\"uiBlock\":\"1b103d5b-038d-452e-809d-50c321f92fc1\"},{\"playback\":\"TTS\",\"phrase\":\"Task: ${17ae16c4-694c-40da-ab4c-5b912899b25e.Subject}\",\"uiBlock\":\"c70059de-02d9-42eb-9e2f-bbd759134c7f\"},{\"playback\":\"TTS\",\"phrase\":\"Message: ${17ae16c4-694c-40da-ab4c-5b912899b25e.Body text}\",\"uiBlock\":\"9699f0a4-5331-4e3c-889a-922fca4aa974\"}]}]",
          "builtInInputId": "1e0aae21-0ac6-5683-a162-36fa1f8a895c"
        },
        {
          "inputPort": "input",
          "mapping": "false",
          "builtInInputId": "0eeeaf31-fd99-5ada-aaf5-9b4ca198cce6"
        },
        {
          "inputPort": "input",
          "mapping": "60",
          "builtInInputId": "ceffae29-cef3-5488-b9d1-f845c558f8a4"
        },
        {
          "inputPort": "input",
          "mapping": "false",
          "builtInInputId": "7ec1fde7-1816-5b50-968f-c3eafa529f62"
        },
        {
          "inputPort": "input",
          "mapping": "PICKER",
          "builtInInputId": "9b9bc3ee-7633-57e7-b13e-443db15f6e34"
        },
        {
          "inputPort": "input",
          "mapping": "false",
          "builtInInputId": "60992193-3b95-5b4e-adfd-244d5e834d67"
        },
        {
          "inputPort": "input",
          "mapping": "false",
          "builtInInputId": "c4501a77-1058-51d5-9044-7c4f8a39938a"
        },
        {
          "inputPort": "input",
          "mapping": "callbackonly",
          "builtInInputId": "94bf035f-007b-5da6-996b-d122ff92e7b3"
        },
        {
          "inputPort": "input",
          "mapping": "Android Phone,Android Tablet,iPad,iPhone,Cell Phone,SMS Phone,Business Phone,Home Phone,Main Phone,Mobile Phone,Personal Mobile Phone,Work Phone,Home Email,Work Email,Microsoft Teams,Slack",
          "builtInInputId": "21dbc8d9-0c69-5ff1-99b2-f66986efcb79"
        },
        {
          "inputPort": "input",
          "mapping": "180",
          "builtInInputId": "8ff01cd9-6a5f-5ec3-9c46-a40b892b890e"
        },
        {
          "inputPort": "input",
          "mapping": "[{\"language\":\"en\",\"subject\":\"${17ae16c4-694c-40da-ab4c-5b912899b25e.Subject}\",\"body\":\"\\n    <head><style id=\\\"xm-froala-base-styles\\\">\\n      /* Base Froala Styles Begin */\\n      table {\\n        border: 1px solid #ccc;\\n        border-bottom: none;\\n    }\\n    table th,\\n    table td {\\n        border: solid #ccc;\\n        border-width: 0 0 1px 0;\\n    }\\n\\n    \\n    table.xm-table-internal-borders {\\n      border: none;\\n    }\\n    table.xm-table-internal-borders th,\\n    table.xm-table-internal-borders td {\\n      border-width: 1px;\\n    }\\n    \\n    \\n    table {\\n      border-collapse: collapse;\\n    }\\n\\n\\n\\n.fr-clearfix::after{clear:both;display:block;content:\\\"\\\";height:0}.fr-hide-by-clipping{position:absolute;width:1px;height:1px;padding:0;margin:-1px;overflow:hidden;clip:rect(0, 0, 0, 0);border:0}img.fr-rounded,.fr-img-caption.fr-rounded img{border-radius:10px;-moz-border-radius:10px;-webkit-border-radius:10px;-moz-background-clip:padding;-webkit-background-clip:padding-box;background-clip:padding-box}img.fr-shadow,.fr-img-caption.fr-shadow img{-webkit-box-shadow:10px 10px 5px 0px #cccccc;-moz-box-shadow:10px 10px 5px 0px #cccccc;box-shadow:10px 10px 5px 0px #cccccc}img.fr-bordered,.fr-img-caption.fr-bordered img{border:solid 5px #CCC}img.fr-bordered{-webkit-box-sizing:content-box;-moz-box-sizing:content-box;box-sizing:content-box}.fr-img-caption.fr-bordered img{-webkit-box-sizing:border-box;-moz-box-sizing:border-box;box-sizing:border-box}li img.fr-dii.fr-fil{margin-right:20px}.fr-view{word-wrap:break-word}span[style~=\\\"color:\\\"] a{color:inherit}strong{font-weight:700}table[border='0'] td:not([class]),table[border='0'] th:not([class]),table[border='0'] td[class=\\\"\\\"],table[border='0'] th[class=\\\"\\\"]{border-width:0px}table{border:none;border-collapse:collapse;empty-cells:show;max-width:100%}table td{min-width:5px}table.fr-dashed-borders td,table.fr-dashed-borders th{border-style:dashed}table.fr-alternate-rows tbody tr:nth-child(2n){background:whitesmoke}table td,table th{border:1px solid #DDD}table td:empty,table th:empty{height:20px}table td.fr-highlighted,table th.fr-highlighted{border:1px double red}table td.fr-thick,table th.fr-thick{border-width:2px}table th{background:#ececec}table tfoot td{background:#ececec}hr{clear:both;user-select:none;-o-user-select:none;-moz-user-select:none;-khtml-user-select:none;-webkit-user-select:none;-ms-user-select:none;break-after:always;page-break-after:always}.fr-file{position:relative}.fr-file::after{position:relative;content:\\\"\\\\1F4CE\\\";font-weight:normal}pre{white-space:pre-wrap;word-wrap:break-word;overflow:visible}.fr-view[dir=\\\"rtl\\\"] blockquote{border-left:none;border-right:solid 2px #5E35B1;margin-right:0;padding-right:5px;padding-left:0}.fr-view[dir=\\\"rtl\\\"] blockquote blockquote{border-color:#00BCD4}.fr-view[dir=\\\"rtl\\\"] blockquote blockquote blockquote{border-color:#43A047}blockquote{border-left:solid 2px #5E35B1;margin-left:0;padding-left:5px;color:#5E35B1}blockquote blockquote{border-color:#00BCD4;color:#00BCD4}blockquote blockquote blockquote{border-color:#43A047;color:#43A047}span.fr-emoticon{font-weight:normal;font-family:\\\"Apple Color Emoji\\\",\\\"Segoe UI Emoji\\\",\\\"NotoColorEmoji\\\",\\\"Segoe UI Symbol\\\",\\\"Android Emoji\\\",\\\"EmojiSymbols\\\";display:inline;line-height:0}span.fr-emoticon.fr-emoticon-img{background-repeat:no-repeat !important;font-size:inherit;height:1em;width:1em;min-height:20px;min-width:20px;display:inline-block;margin:-.1em .1em .1em;line-height:1;vertical-align:middle}.fr-text-gray{color:#AAA !important}.fr-text-bordered{border-top:solid 1px #222;border-bottom:solid 1px #222;padding:10px 0}.fr-text-spaced{letter-spacing:1px}.fr-text-uppercase{text-transform:uppercase}.fr-class-highlighted{background-color:#ffff00}.fr-class-code{border-color:#cccccc;border-radius:2px;-moz-border-radius:2px;-webkit-border-radius:2px;-moz-background-clip:padding;-webkit-background-clip:padding-box;background-clip:padding-box;background:#f5f5f5;padding:10px;font-family:\\\"Courier New\\\", Courier, monospace}.fr-class-transparency{opacity:0.5}img{position:relative;max-width:100%}img.fr-dib{margin:5px auto;display:block;float:none;vertical-align:top}img.fr-dib.fr-fil{margin-left:0;text-align:left}img.fr-dib.fr-fir{margin-right:0;text-align:right}img.fr-dii{display:inline-block;float:none;vertical-align:bottom;margin-left:5px;margin-right:5px;max-width:calc(100% - (2 * 5px));min-width:10px}img.fr-dii.fr-fil{float:left;margin:5px 5px 5px 0;max-width:calc(100% - 5px);min-width:5px}img.fr-dii.fr-fir{float:right;margin:5px 0 5px 5px;max-width:calc(100% - 5px);min-width:5px}span.fr-img-caption{position:relative;max-width:100%}span.fr-img-caption.fr-dib{margin:5px auto;display:block;float:none;vertical-align:top}span.fr-img-caption.fr-dib.fr-fil{margin-left:0;text-align:left}span.fr-img-caption.fr-dib.fr-fir{margin-right:0;text-align:right}span.fr-img-caption.fr-dii{display:inline-block;float:none;vertical-align:bottom;margin-left:5px;margin-right:5px;max-width:calc(100% - (2 * 5px));min-width:10px}span.fr-img-caption.fr-dii.fr-fil{float:left;margin:5px 5px 5px 0;max-width:calc(100% - 5px);min-width:5px}span.fr-img-caption.fr-dii.fr-fir{float:right;margin:5px 0 5px 5px;max-width:calc(100% - 5px);min-width:5px}.fr-video{text-align:center;position:relative}.fr-video.fr-rv{padding-bottom:56.25%;padding-top:30px;height:0;overflow:hidden}.fr-video.fr-rv>iframe,.fr-video.fr-rv object,.fr-video.fr-rv embed{position:absolute !important;top:0;left:0;width:100%;height:100%}.fr-video>*{-webkit-box-sizing:content-box;-moz-box-sizing:content-box;box-sizing:content-box;max-width:100%;border:none}.fr-video.fr-dvb{display:block;clear:both}.fr-video.fr-dvb.fr-fvl{text-align:left}.fr-video.fr-dvb.fr-fvr{text-align:right}.fr-video.fr-dvi{display:inline-block}.fr-video.fr-dvi.fr-fvl{float:left}.fr-video.fr-dvi.fr-fvr{float:right}a.fr-strong{font-weight:700}a.fr-green{color:green}.fr-img-caption{text-align:center}.fr-img-caption .fr-img-wrap{padding:0;margin:auto;text-align:center;width:100%}.fr-img-caption .fr-img-wrap a{display:block}.fr-img-caption .fr-img-wrap img{display:block;margin:auto;width:100%}.fr-img-caption .fr-img-wrap>span{margin:auto;display:block;padding:5px 5px 10px;font-size:14px;font-weight:initial;-webkit-box-sizing:border-box;-moz-box-sizing:border-box;box-sizing:border-box;-webkit-opacity:0.9;-moz-opacity:0.9;opacity:0.9;-ms-filter:\\\"progid:DXImageTransform.Microsoft.Alpha(Opacity=0)\\\";width:100%;text-align:center}button.fr-rounded,input.fr-rounded,textarea.fr-rounded{border-radius:10px;-moz-border-radius:10px;-webkit-border-radius:10px;-moz-background-clip:padding;-webkit-background-clip:padding-box;background-clip:padding-box}button.fr-large,input.fr-large,textarea.fr-large{font-size:24px}span.fr-img-caption.fr-dii.fr-fil,p img.fr-dii.fr-fil{margin-right:15px}a.fr-view.fr-strong{font-weight:700}a.fr-view.fr-green{color:green}img.fr-view{position:relative;max-width:100%}img.fr-view.fr-dib{margin:5px auto;display:block;float:none;vertical-align:top}img.fr-view.fr-dib.fr-fil{margin-left:0;text-align:left}img.fr-view.fr-dib.fr-fir{margin-right:0;text-align:right}img.fr-view.fr-dii{display:inline-block;float:none;vertical-align:bottom;margin-left:5px;margin-right:5px;max-width:calc(100% - (2 * 5px));min-width:10px}img.fr-view.fr-dii.fr-fil{float:left;margin:5px 5px 5px 0;max-width:calc(100% - 5px);min-width:5px}img.fr-view.fr-dii.fr-fir{float:right;margin:5px 0 5px 5px;max-width:calc(100% - 5px);min-width:5px}span.fr-img-caption.fr-view{position:relative;max-width:100%}span.fr-img-caption.fr-view.fr-dib{margin:5px auto;display:block;float:none;vertical-align:top}span.fr-img-caption.fr-view.fr-dib.fr-fil{margin-left:0;text-align:left}span.fr-img-caption.fr-view.fr-dib.fr-fir{margin-right:0;text-align:right}span.fr-img-caption.fr-view.fr-dii{display:inline-block;float:none;vertical-align:bottom;margin-left:5px;margin-right:5px;max-width:calc(100% - (2 * 5px));min-width:10px}span.fr-img-caption.fr-view.fr-dii.fr-fil{float:left;margin:5px 5px 5px 0;max-width:calc(100% - 5px);min-width:5px}span.fr-img-caption.fr-view.fr-dii.fr-fir{float:right;margin:5px 0 5px 5px;max-width:calc(100% - 5px);min-width:5px}\\n      /* Base Froala Styles End */\\n    </style></head><!-- XM Froala Top Level Wrapper Begin {{{ -->\\n    <div id=\\\"xm-froala-top-level-wrapper\\\" class=\\\"fr-view\\\">\\n    <!-- XM Froala Top Level Wrapper Begin }}} --><div style=\\\"width: 768px; margin-left: auto; margin-right: auto;\\\"><div style=\\\"width: 460px; margin-left: auto; margin-right: auto;\\\"><div style=\\\"width: 100%; margin: auto; text-align: center;\\\"><img src=\\\"https://static.xmatters.com/integrations/servicenow/images/servicenow-3.png\\\" class=\\\"fr-fic fr-dib\\\" style=\\\"width: 200px;\\\"></div><div style=\\\"text-align: center; margin: 20px auto;\\\">${person.firstName} ${person.lastName}, <span id=\\\"isPasted\\\" style=\\\"color: rgb(23, 43, 77); font-family: -apple-system, &quot;system-ui&quot;, &quot;Segoe UI&quot;, Roboto, Oxygen, Ubuntu, &quot;Fira Sans&quot;, &quot;Droid Sans&quot;, &quot;Helvetica Neue&quot;, sans-serif; font-size: 14px; font-style: normal; font-variant-ligatures: normal; font-variant-caps: normal; font-weight: 400; letter-spacing: normal; orphans: 2; text-align: left; text-indent: 0px; text-transform: none; white-space: normal; widows: 2; word-spacing: 0px; -webkit-text-stroke-width: 0px; background-color: rgb(255, 255, 255); text-decoration-thickness: initial; text-decoration-style: initial; text-decoration-color: initial; display: inline !important; float: none;\\\"><span id=\\\"isPasted\\\" style=\\\"color: rgb(23, 43, 77); font-family: -apple-system, &quot;system-ui&quot;, &quot;Segoe UI&quot;, Roboto, Oxygen, Ubuntu, &quot;Fira Sans&quot;, &quot;Droid Sans&quot;, &quot;Helvetica Neue&quot;, sans-serif; font-size: 14px; font-style: normal; font-variant-ligatures: normal; font-variant-caps: normal; font-weight: 400; letter-spacing: normal; orphans: 2; text-align: start; text-indent: 0px; text-transform: none; white-space: normal; widows: 2; word-spacing: 0px; -webkit-text-stroke-width: 0px; background-color: rgb(255, 255, 255); text-decoration-thickness: initial; text-decoration-style: initial; text-decoration-color: initial; display: inline !important; float: none;\\\">you're needed for an incident</span></span>:</div><div style=\\\"border: #e4e4e4 1px solid; border-radius: 5px;\\\"><div style=\\\"width: 100%;  display: flex; border: none;\\\"><br></div></div><div style=\\\"padding: 15px 15px; display: block; border-bottom: #e4e4e4 1px solid;\\\"><span style=\\\"font-weight: bold; margin-bottom: 5px;\\\">Message:</span> ${c1a5ec43-51f9-438f-8a17-bd16f6afcd50.Body Text Clean}</div><div style=\\\"padding: 15px 15px; display: block; border-bottom: #e4e4e4 1px solid;\\\"><span style=\\\"font-weight: bold; margin-bottom: 5px;\\\">Alerting Path:</span> ${person.alertContext}</div><div style=\\\"padding: 15px 15px; display: block;\\\"><div style=\\\"font-weight: bold; margin-bottom: 5px;\\\"><a href=\\\"${17ae16c4-694c-40da-ab4c-5b912899b25e.ServiceNow URL}now/nav/ui/classic/params/target/incident.do?sys_id=${e409f3b0-438f-4e20-8408-218c454aa68b.Incident Sys ID}\\\" target=\\\"_blank\\\">View Incident in ServiceNow</a></div></div></div><div style=\\\"display:none;\\\">${e409f3b0-438f-4e20-8408-218c454aa68b.Incident Sys ID}</div><div style=\\\"padding-top: 27px; margin-bottom: 20px;\\\"><img style=\\\"width: 195px;\\\" src=\\\"https://static.xmatters.com/integrations/common/images/powered_by_xmatters_color.png\\\" class=\\\"fr-fic fr-dii\\\"></div><div id=\\\"incident-responses\\\"><!--__X_RESPONSE_CHOICES_PLACEHOLDER__--><br></div></div><!-- XM Froala Top Level Wrapper End {{{ -->\\n    </div>\\n    <!-- XM Froala Top Level Wrapper End }}} -->\"}]",
          "builtInInputId": "c2a258c9-70f0-5ab9-87a0-f16aac6a4f7e"
        },
        {
          "inputPort": "input",
          "mapping": "{\"bridgeTypeSelector\":\"NONE\"}",
          "builtInInputId": "707a5098-300e-50d1-8e70-30f1ec2ad99d"
        },
        {
          "inputPort": "input",
          "mapping": "[{\"id\":\"${3ce9adbb-081c-4fcd-859d-6e9c7e442db0.Group Name}\"}]",
          "builtInInputId": "c2fa8405-6461-5736-9370-96e1dc04be7c"
        },
        {
          "inputPort": "input",
          "mapping": "0",
          "builtInInputId": "8298a407-9069-5331-8dee-219cdb1b4868"
        },
        {
          "inputPort": "input",
          "mapping": "[{\"language\":\"en\",\"text\":\"Communication for Incident: \\nSubject: ${17ae16c4-694c-40da-ab4c-5b912899b25e.Subject}\\nMessage: ${17ae16c4-694c-40da-ab4c-5b912899b25e.Body text}\"}]",
          "builtInInputId": "8fccda00-5665-53aa-90a0-267d4b796a99"
        },
        {
          "inputPort": "input",
          "mapping": "Medium",
          "builtInInputId": "3f50d6a7-0fc9-59a1-bd97-8eb19db317bd"
        }
      ]
    },
    {
      "id": "9f089205-2568-4cd2-85fb-47e4a046687b",
      "label": "Incident Task Alert",
      "environment": "HOSTED",
      "presentation": "{\"w\":100,\"x\":220,\"h\":50,\"y\":40}",
      "stepType": "CREATE_ALERT",
      "inputMappings": [
        {
          "inputPort": "input",
          "mapping": "60",
          "builtInInputId": "ceffae29-cef3-5488-b9d1-f845c558f8a4"
        },
        {
          "inputPort": "input",
          "mapping": "false",
          "builtInInputId": "0eeeaf31-fd99-5ada-aaf5-9b4ca198cce6"
        },
        {
          "inputPort": "input",
          "mapping": "[{\"action\":\"END\",\"allowComments\":true,\"contribution\":\"POSITIVE\",\"description\":\"Acknowledge\",\"joinConference\":false,\"number\":1,\"prompt\":\"Acknowledge\",\"redirectUrl\":\"\",\"text\":\"Acknowledge\",\"id\":\"e80297cf-731d-4c50-9e42-186054e7d91c\",\"triggerBlockId\":\"cf8633d5-70d0-482f-9352-14f386c47944\",\"integrationId\":\"3335a38b-5958-413a-8b59-fa6043e893ab\"},{\"action\":\"ESCALATE\",\"allowComments\":true,\"contribution\":\"NEGATIVE\",\"description\":\"Esclate\",\"joinConference\":false,\"number\":2,\"prompt\":\"Esclate\",\"redirectUrl\":\"\",\"text\":\"Esclate\",\"id\":\"cbcda0c5-c005-495c-b471-453bcc0d8b92\",\"triggerBlockId\":\"cea0ae9a-5f08-40a1-992e-23ef2a5aecd1\",\"integrationId\":\"86c0b1ac-3fac-4629-90cd-012392527389\"}]",
          "builtInInputId": "ac190a1d-00b8-5aea-8543-12459dd918a7"
        },
        {
          "inputPort": "input",
          "mapping": "[{\"language\":\"en\",\"steps\":[{\"playback\":\"TTS\",\"phrase\":\"This is an inciden task notification from ServiceNow regarding Incident\",\"uiBlock\":\"1b103d5b-038d-452e-809d-50c321f92fc1\"},{\"playback\":\"TTS\",\"phrase\":\"${cb96d81e-47c9-499d-8add-a6c1daccf75c.Incident}\",\"uiBlock\":\"1e262df1-1940-4049-9437-6fe02cb6f255\"},{\"playback\":\"TTS\",\"phrase\":\"with the following message:\",\"uiBlock\":\"c70059de-02d9-42eb-9e2f-bbd759134c7f\"},{\"playback\":\"TTS\",\"phrase\":\"${cb96d81e-47c9-499d-8add-a6c1daccf75c.Short description}\",\"uiBlock\":\"9699f0a4-5331-4e3c-889a-922fca4aa974\"}]}]",
          "builtInInputId": "1e0aae21-0ac6-5683-a162-36fa1f8a895c"
        },
        {
          "inputPort": "input",
          "mapping": "callbackonly",
          "builtInInputId": "94bf035f-007b-5da6-996b-d122ff92e7b3"
        },
        {
          "inputPort": "input",
          "mapping": "[{\"id\":\"${cb96d81e-47c9-499d-8add-a6c1daccf75c.Assignment group}\"}]",
          "builtInInputId": "c2fa8405-6461-5736-9370-96e1dc04be7c"
        },
        {
          "inputPort": "input",
          "mapping": "PICKER",
          "builtInInputId": "9b9bc3ee-7633-57e7-b13e-443db15f6e34"
        },
        {
          "inputPort": "input",
          "mapping": "false",
          "builtInInputId": "60992193-3b95-5b4e-adfd-244d5e834d67"
        },
        {
          "inputPort": "input",
          "mapping": "Medium",
          "builtInInputId": "3f50d6a7-0fc9-59a1-bd97-8eb19db317bd"
        },
        {
          "inputPort": "input",
          "mapping": "0",
          "builtInInputId": "8298a407-9069-5331-8dee-219cdb1b4868"
        },
        {
          "inputPort": "input",
          "mapping": "180",
          "builtInInputId": "8ff01cd9-6a5f-5ec3-9c46-a40b892b890e"
        },
        {
          "inputPort": "input",
          "mapping": "false",
          "builtInInputId": "c4501a77-1058-51d5-9044-7c4f8a39938a"
        },
        {
          "inputPort": "input",
          "mapping": "{\"bridgeTypeSelector\":\"NONE\"}",
          "builtInInputId": "707a5098-300e-50d1-8e70-30f1ec2ad99d"
        },
        {
          "inputPort": "input",
          "mapping": "Android Phone,Android Tablet,iPad,iPhone,Cell Phone,SMS Phone,Business Phone,Home Phone,Main Phone,Mobile Phone,Personal Mobile Phone,Work Phone,Home Email,Work Email,Microsoft Teams,Slack",
          "builtInInputId": "21dbc8d9-0c69-5ff1-99b2-f66986efcb79"
        },
        {
          "inputPort": "input",
          "mapping": "[{\"language\":\"en\",\"text\":\"Incident Task: You're needed for ${cb96d81e-47c9-499d-8add-a6c1daccf75c.Priority} ServiceNow Incident ${cb96d81e-47c9-499d-8add-a6c1daccf75c.Incident}: ${cb96d81e-47c9-499d-8add-a6c1daccf75c.Short description}\"}]",
          "builtInInputId": "8fccda00-5665-53aa-90a0-267d4b796a99"
        },
        {
          "inputPort": "input",
          "mapping": "false",
          "builtInInputId": "7ec1fde7-1816-5b50-968f-c3eafa529f62"
        },
        {
          "inputPort": "input",
          "mapping": "{\"RESPONSE\":{\"triggerType\":\"RESPONSE\",\"triggerBlockId\":\"d655547a-50de-4381-8cc2-4eee4669db17\",\"hidden\":false,\"position\":0},\"ANNOTATION\":{\"triggerType\":\"ANNOTATION\",\"triggerBlockId\":\"e02b91bf-ead9-4ea8-957f-60dedd72b5b8\",\"hidden\":false,\"position\":1}}",
          "builtInInputId": "d5f190c2-4549-5f07-b14d-d51d641cf1e6"
        },
        {
          "inputPort": "input",
          "mapping": "[{\"language\":\"en\",\"subject\":\"Alert: Incident Task notification for ${cb96d81e-47c9-499d-8add-a6c1daccf75c.Priority} ServiceNow Incident ${cb96d81e-47c9-499d-8add-a6c1daccf75c.Incident}: ${cb96d81e-47c9-499d-8add-a6c1daccf75c.Short description}\",\"body\":\"\\n    <head><style id=\\\"xm-froala-base-styles\\\">\\n      /* Base Froala Styles Begin */\\n      table {\\n        border: 1px solid #ccc;\\n        border-bottom: none;\\n    }\\n    table th,\\n    table td {\\n        border: solid #ccc;\\n        border-width: 0 0 1px 0;\\n    }\\n\\n    \\n    table.xm-table-internal-borders {\\n      border: none;\\n    }\\n    table.xm-table-internal-borders th,\\n    table.xm-table-internal-borders td {\\n      border-width: 1px;\\n    }\\n    \\n    \\n    table {\\n      border-collapse: collapse;\\n    }\\n\\n\\n\\n.fr-clearfix::after{clear:both;display:block;content:\\\"\\\";height:0}.fr-hide-by-clipping{position:absolute;width:1px;height:1px;padding:0;margin:-1px;overflow:hidden;clip:rect(0, 0, 0, 0);border:0}img.fr-rounded,.fr-img-caption.fr-rounded img{border-radius:10px;-moz-border-radius:10px;-webkit-border-radius:10px;-moz-background-clip:padding;-webkit-background-clip:padding-box;background-clip:padding-box}img.fr-shadow,.fr-img-caption.fr-shadow img{-webkit-box-shadow:10px 10px 5px 0px #cccccc;-moz-box-shadow:10px 10px 5px 0px #cccccc;box-shadow:10px 10px 5px 0px #cccccc}img.fr-bordered,.fr-img-caption.fr-bordered img{border:solid 5px #CCC}img.fr-bordered{-webkit-box-sizing:content-box;-moz-box-sizing:content-box;box-sizing:content-box}.fr-img-caption.fr-bordered img{-webkit-box-sizing:border-box;-moz-box-sizing:border-box;box-sizing:border-box}li img.fr-dii.fr-fil{margin-right:20px}.fr-view{word-wrap:break-word}span[style~=\\\"color:\\\"] a{color:inherit}strong{font-weight:700}table[border='0'] td:not([class]),table[border='0'] th:not([class]),table[border='0'] td[class=\\\"\\\"],table[border='0'] th[class=\\\"\\\"]{border-width:0px}table{border:none;border-collapse:collapse;empty-cells:show;max-width:100%}table td{min-width:5px}table.fr-dashed-borders td,table.fr-dashed-borders th{border-style:dashed}table.fr-alternate-rows tbody tr:nth-child(2n){background:whitesmoke}table td,table th{border:1px solid #DDD}table td:empty,table th:empty{height:20px}table td.fr-highlighted,table th.fr-highlighted{border:1px double red}table td.fr-thick,table th.fr-thick{border-width:2px}table th{background:#ececec}table tfoot td{background:#ececec}hr{clear:both;user-select:none;-o-user-select:none;-moz-user-select:none;-khtml-user-select:none;-webkit-user-select:none;-ms-user-select:none;break-after:always;page-break-after:always}.fr-file{position:relative}.fr-file::after{position:relative;content:\\\"\\\\1F4CE\\\";font-weight:normal}pre{white-space:pre-wrap;word-wrap:break-word;overflow:visible}.fr-view[dir=\\\"rtl\\\"] blockquote{border-left:none;border-right:solid 2px #5E35B1;margin-right:0;padding-right:5px;padding-left:0}.fr-view[dir=\\\"rtl\\\"] blockquote blockquote{border-color:#00BCD4}.fr-view[dir=\\\"rtl\\\"] blockquote blockquote blockquote{border-color:#43A047}blockquote{border-left:solid 2px #5E35B1;margin-left:0;padding-left:5px;color:#5E35B1}blockquote blockquote{border-color:#00BCD4;color:#00BCD4}blockquote blockquote blockquote{border-color:#43A047;color:#43A047}span.fr-emoticon{font-weight:normal;font-family:\\\"Apple Color Emoji\\\",\\\"Segoe UI Emoji\\\",\\\"NotoColorEmoji\\\",\\\"Segoe UI Symbol\\\",\\\"Android Emoji\\\",\\\"EmojiSymbols\\\";display:inline;line-height:0}span.fr-emoticon.fr-emoticon-img{background-repeat:no-repeat !important;font-size:inherit;height:1em;width:1em;min-height:20px;min-width:20px;display:inline-block;margin:-.1em .1em .1em;line-height:1;vertical-align:middle}.fr-text-gray{color:#AAA !important}.fr-text-bordered{border-top:solid 1px #222;border-bottom:solid 1px #222;padding:10px 0}.fr-text-spaced{letter-spacing:1px}.fr-text-uppercase{text-transform:uppercase}.fr-class-highlighted{background-color:#ffff00}.fr-class-code{border-color:#cccccc;border-radius:2px;-moz-border-radius:2px;-webkit-border-radius:2px;-moz-background-clip:padding;-webkit-background-clip:padding-box;background-clip:padding-box;background:#f5f5f5;padding:10px;font-family:\\\"Courier New\\\", Courier, monospace}.fr-class-transparency{opacity:0.5}img{position:relative;max-width:100%}img.fr-dib{margin:5px auto;display:block;float:none;vertical-align:top}img.fr-dib.fr-fil{margin-left:0;text-align:left}img.fr-dib.fr-fir{margin-right:0;text-align:right}img.fr-dii{display:inline-block;float:none;vertical-align:bottom;margin-left:5px;margin-right:5px;max-width:calc(100% - (2 * 5px));min-width:10px}img.fr-dii.fr-fil{float:left;margin:5px 5px 5px 0;max-width:calc(100% - 5px);min-width:5px}img.fr-dii.fr-fir{float:right;margin:5px 0 5px 5px;max-width:calc(100% - 5px);min-width:5px}span.fr-img-caption{position:relative;max-width:100%}span.fr-img-caption.fr-dib{margin:5px auto;display:block;float:none;vertical-align:top}span.fr-img-caption.fr-dib.fr-fil{margin-left:0;text-align:left}span.fr-img-caption.fr-dib.fr-fir{margin-right:0;text-align:right}span.fr-img-caption.fr-dii{display:inline-block;float:none;vertical-align:bottom;margin-left:5px;margin-right:5px;max-width:calc(100% - (2 * 5px));min-width:10px}span.fr-img-caption.fr-dii.fr-fil{float:left;margin:5px 5px 5px 0;max-width:calc(100% - 5px);min-width:5px}span.fr-img-caption.fr-dii.fr-fir{float:right;margin:5px 0 5px 5px;max-width:calc(100% - 5px);min-width:5px}.fr-video{text-align:center;position:relative}.fr-video.fr-rv{padding-bottom:56.25%;padding-top:30px;height:0;overflow:hidden}.fr-video.fr-rv>iframe,.fr-video.fr-rv object,.fr-video.fr-rv embed{position:absolute !important;top:0;left:0;width:100%;height:100%}.fr-video>*{-webkit-box-sizing:content-box;-moz-box-sizing:content-box;box-sizing:content-box;max-width:100%;border:none}.fr-video.fr-dvb{display:block;clear:both}.fr-video.fr-dvb.fr-fvl{text-align:left}.fr-video.fr-dvb.fr-fvr{text-align:right}.fr-video.fr-dvi{display:inline-block}.fr-video.fr-dvi.fr-fvl{float:left}.fr-video.fr-dvi.fr-fvr{float:right}a.fr-strong{font-weight:700}a.fr-green{color:green}.fr-img-caption{text-align:center}.fr-img-caption .fr-img-wrap{padding:0;margin:auto;text-align:center;width:100%}.fr-img-caption .fr-img-wrap a{display:block}.fr-img-caption .fr-img-wrap img{display:block;margin:auto;width:100%}.fr-img-caption .fr-img-wrap>span{margin:auto;display:block;padding:5px 5px 10px;font-size:14px;font-weight:initial;-webkit-box-sizing:border-box;-moz-box-sizing:border-box;box-sizing:border-box;-webkit-opacity:0.9;-moz-opacity:0.9;opacity:0.9;-ms-filter:\\\"progid:DXImageTransform.Microsoft.Alpha(Opacity=0)\\\";width:100%;text-align:center}button.fr-rounded,input.fr-rounded,textarea.fr-rounded{border-radius:10px;-moz-border-radius:10px;-webkit-border-radius:10px;-moz-background-clip:padding;-webkit-background-clip:padding-box;background-clip:padding-box}button.fr-large,input.fr-large,textarea.fr-large{font-size:24px}span.fr-img-caption.fr-dii.fr-fil,p img.fr-dii.fr-fil{margin-right:15px}a.fr-view.fr-strong{font-weight:700}a.fr-view.fr-green{color:green}img.fr-view{position:relative;max-width:100%}img.fr-view.fr-dib{margin:5px auto;display:block;float:none;vertical-align:top}img.fr-view.fr-dib.fr-fil{margin-left:0;text-align:left}img.fr-view.fr-dib.fr-fir{margin-right:0;text-align:right}img.fr-view.fr-dii{display:inline-block;float:none;vertical-align:bottom;margin-left:5px;margin-right:5px;max-width:calc(100% - (2 * 5px));min-width:10px}img.fr-view.fr-dii.fr-fil{float:left;margin:5px 5px 5px 0;max-width:calc(100% - 5px);min-width:5px}img.fr-view.fr-dii.fr-fir{float:right;margin:5px 0 5px 5px;max-width:calc(100% - 5px);min-width:5px}span.fr-img-caption.fr-view{position:relative;max-width:100%}span.fr-img-caption.fr-view.fr-dib{margin:5px auto;display:block;float:none;vertical-align:top}span.fr-img-caption.fr-view.fr-dib.fr-fil{margin-left:0;text-align:left}span.fr-img-caption.fr-view.fr-dib.fr-fir{margin-right:0;text-align:right}span.fr-img-caption.fr-view.fr-dii{display:inline-block;float:none;vertical-align:bottom;margin-left:5px;margin-right:5px;max-width:calc(100% - (2 * 5px));min-width:10px}span.fr-img-caption.fr-view.fr-dii.fr-fil{float:left;margin:5px 5px 5px 0;max-width:calc(100% - 5px);min-width:5px}span.fr-img-caption.fr-view.fr-dii.fr-fir{float:right;margin:5px 0 5px 5px;max-width:calc(100% - 5px);min-width:5px}\\n      /* Base Froala Styles End */\\n    </style></head><!-- XM Froala Top Level Wrapper Begin {{{ -->\\n    <div id=\\\"xm-froala-top-level-wrapper\\\" class=\\\"fr-view\\\">\\n    <!-- XM Froala Top Level Wrapper Begin }}} --><div style=\\\"width: 768px; margin-left: auto; margin-right: auto;\\\">\\n    <div style=\\\"width: 460px; margin-left: auto; margin-right: auto;\\\">\\n        <div style=\\\"width: 100%; margin: auto; text-align: center;\\\"><img src=\\\"https://static.xmatters.com/integrations/servicenow/images/servicenow-3.png\\\" class=\\\"fr-fic fr-dib\\\" style=\\\"width: 200px;\\\"></div>\\n        <div style=\\\"text-align: center; margin: 20px auto;\\\">${person.firstName} ${person.lastName}, <span id=\\\"isPasted\\\" style=\\\"color: rgb(23, 43, 77); font-family: -apple-system, &quot;system-ui&quot;, &quot;Segoe UI&quot;, Roboto, Oxygen, Ubuntu, &quot;Fira Sans&quot;, &quot;Droid Sans&quot;, &quot;Helvetica Neue&quot;, sans-serif; font-size: 14px; font-style: normal; font-variant-ligatures: normal; font-variant-caps: normal; font-weight: 400; letter-spacing: normal; orphans: 2; text-align: left; text-indent: 0px; text-transform: none; white-space: normal; widows: 2; word-spacing: 0px; -webkit-text-stroke-width: 0px; background-color: rgb(255, 255, 255); text-decoration-thickness: initial; text-decoration-style: initial; text-decoration-color: initial; display: inline !important; float: none;\\\"><span id=\\\"isPasted\\\" style=\\\"color: rgb(23, 43, 77); font-family: -apple-system, &quot;system-ui&quot;, &quot;Segoe UI&quot;, Roboto, Oxygen, Ubuntu, &quot;Fira Sans&quot;, &quot;Droid Sans&quot;, &quot;Helvetica Neue&quot;, sans-serif; font-size: 14px; font-style: normal; font-variant-ligatures: normal; font-variant-caps: normal; font-weight: 400; letter-spacing: normal; orphans: 2; text-align: start; text-indent: 0px; text-transform: none; white-space: normal; widows: 2; word-spacing: 0px; -webkit-text-stroke-width: 0px; background-color: rgb(255, 255, 255); text-decoration-thickness: initial; text-decoration-style: initial; text-decoration-color: initial; display: inline !important; float: none;\\\">you're needed for an incident task</span></span>:</div>\\n        <div style=\\\"border: #e4e4e4 1px solid; border-radius: 5px;\\\">\\n            <div style=\\\"width: 100%;  display: flex; border-bottom: #e4e4e4 1px solid;\\\">\\n                <div style=\\\"width: 50%; text-align: center; display: block; border-right: #e4e4e4 1px solid;\\\">\\n                    <div style=\\\"margin: auto; text-align: center; display: block; padding: 15px 5px;\\\">\\n                        <div style=\\\"font-weight: bold;\\\">State</div>${cb96d81e-47c9-499d-8add-a6c1daccf75c.State}</div></div>\\n                <div style=\\\"width: 50%; text-align: center; display: block;\\\">\\n                    <div style=\\\"margin: auto; text-align: center; display: block; padding: 15px 5px;\\\">\\n                        <div style=\\\"font-weight: bold;\\\">Priority</div>${cb96d81e-47c9-499d-8add-a6c1daccf75c.Priority}</div></div></div>\\n            <div style=\\\"padding: 15px 15px; display: block; border-bottom: #e4e4e4 1px solid;\\\"><span style=\\\"font-weight: bold; margin-bottom: 5px;\\\">Message:</span> ${cb96d81e-47c9-499d-8add-a6c1daccf75c.Description}</div>\\n            <div style=\\\"padding: 15px 15px; display: block; border-bottom: #e4e4e4 1px solid;\\\"><span style=\\\"font-weight: bold; margin-bottom: 5px;\\\">Incident:</span> ${cb96d81e-47c9-499d-8add-a6c1daccf75c.Incident}</div>\\n            <div style=\\\"padding: 15px 15px; display: block; border-bottom: #e4e4e4 1px solid;\\\"><span style=\\\"font-weight: bold; margin-bottom: 5px;\\\">Summary:</span> ${cb96d81e-47c9-499d-8add-a6c1daccf75c.Short description}</div>\\n            <div style=\\\"padding: 15px 15px; display: block; border-bottom: #e4e4e4 1px solid;\\\"><span style=\\\"font-weight: bold; margin-bottom: 5px;\\\">Initiated at:</span> ${alert.startDate} ${alert.startTime}</div>\\n            <div style=\\\"padding: 15px 15px; display: block; border-bottom: #e4e4e4 1px solid;\\\"><span style=\\\"font-weight: bold; margin-bottom: 5px;\\\">Alerting Path:</span> ${person.alertContext}</div>\\n            <div style=\\\"padding: 15px 15px; display: block;\\\">\\n                <div style=\\\"font-weight: bold; margin-bottom: 5px;\\\"><a href=\\\"${cb96d81e-47c9-499d-8add-a6c1daccf75c.Record URL}\\\">View Incident Task ${cb96d81e-47c9-499d-8add-a6c1daccf75c.Parent} in ServiceNow</a></div></div></div>\\n    <!-- the following elements are used for processing. Signal ID is required to look up and terminate events using the Get Events step. -->\\n    <div style=\\\"display:none;\\\">${cb96d81e-47c9-499d-8add-a6c1daccf75c.Incident - Record ID}</div>\\n    <div style=\\\"padding-top: 27px; margin-bottom: 20px;\\\"><img style=\\\"width: 195px;\\\" src=\\\"https://static.xmatters.com/integrations/common/images/powered_by_xmatters_color.png\\\" class=\\\"fr-fic fr-dii\\\"></div>\\n    <div id=\\\"incident-responses\\\">\\n        <!--__X_RESPONSE_CHOICES_PLACEHOLDER__-->\\n        <br>\\n    </div></div></div><!-- XM Froala Top Level Wrapper End {{{ -->\\n    </div>\\n    <!-- XM Froala Top Level Wrapper End }}} -->\"}]",
          "builtInInputId": "c2a258c9-70f0-5ab9-87a0-f16aac6a4f7e"
        }
      ]
    },
    {
      "id": "cf8633d5-70d0-482f-9352-14f386c47944",
      "label": "Incident Task Alert - Acknowledge",
      "environment": "HOSTED",
      "presentation": "{\"w\":100,\"h\":50}",
      "step": "3335a38b-5958-413a-8b59-fa6043e893ab",
      "stepType": "INTEGRATION",
      "groupingBlockId": "9f089205-2568-4cd2-85fb-47e4a046687b"
    },
    {
      "id": "e02b91bf-ead9-4ea8-957f-60dedd72b5b8",
      "label": "Incident Task Alert - Alert Comments",
      "environment": "HOSTED",
      "presentation": "{\"w\":100,\"h\":50}",
      "step": "64deff68-8330-485a-aca5-b1cbb3b9a3f5",
      "stepType": "INTEGRATION",
      "groupingBlockId": "9f089205-2568-4cd2-85fb-47e4a046687b"
    },
    {
      "id": "cea0ae9a-5f08-40a1-992e-23ef2a5aecd1",
      "label": "Incident Task Alert - Esclate",
      "environment": "HOSTED",
      "presentation": "{\"w\":100,\"h\":50}",
      "step": "86c0b1ac-3fac-4629-90cd-012392527389",
      "stepType": "INTEGRATION",
      "groupingBlockId": "9f089205-2568-4cd2-85fb-47e4a046687b"
    },
    {
      "id": "d655547a-50de-4381-8cc2-4eee4669db17",
      "label": "Incident Task Alert - Response",
      "environment": "HOSTED",
      "presentation": "{\"w\":100,\"h\":50}",
      "stepType": "RESPONSES",
      "groupingBlockId": "9f089205-2568-4cd2-85fb-47e4a046687b"
    },
    {
      "id": "3ce9adbb-081c-4fcd-859d-6e9c7e442db0",
      "endpoint": "ServiceNow",
      "label": "ServiceNow - Get Group by sys_id",
      "environment": "HOSTED",
      "presentation": "{\"w\":100,\"x\":440,\"h\":50,\"y\":1130}",
      "step": "fd491fb5-6a36-4c07-9a60-1d7ef48596d4",
      "stepType": "SCRIPT_STEP",
      "inputMappings": [
        {
          "inputPort": "input",
          "mapping": "${e24b1a20-0fd1-4160-8d77-d2dfb7eea96a.Group Sys ID}",
          "stepInput": "2939624d-cbe0-405b-91b5-e1d4d964ebc0"
        }
      ]
    },
    {
      "id": "e409f3b0-438f-4e20-8408-218c454aa68b",
      "endpoint": "ServiceNow",
      "label": "ServiceNow - Get INC Alert (Comm Plan)",
      "environment": "HOSTED",
      "presentation": "{\"w\":100,\"x\":660,\"h\":50,\"y\":1130}",
      "step": "d1ef149d-fc25-4d9d-9496-251f6dd99f3c",
      "stepType": "SCRIPT_STEP",
      "inputMappings": [
        {
          "inputPort": "input",
          "mapping": "${e24b1a20-0fd1-4160-8d77-d2dfb7eea96a.Incident Alert Sys ID}",
          "stepInput": "d6b7d302-402f-4398-aa5f-6f6d3c9b6303"
        }
      ]
    },
    {
      "id": "e24b1a20-0fd1-4160-8d77-d2dfb7eea96a",
      "endpoint": "ServiceNow",
      "label": "ServiceNow - Get INC Communication Task",
      "environment": "HOSTED",
      "presentation": "{\"w\":100,\"x\":220,\"h\":50,\"y\":1130}",
      "step": "2177de98-5eec-4661-b31b-3d83a1e91e9f",
      "stepType": "SCRIPT_STEP",
      "inputMappings": [
        {
          "inputPort": "input",
          "mapping": "${17ae16c4-694c-40da-ab4c-5b912899b25e.Target}",
          "stepInput": "6da95f23-e22f-45c2-97a3-5f4c884a2fc3"
        }
      ]
    },
    {
      "id": "17ae16c4-694c-40da-ab4c-5b912899b25e",
      "endpoint": "ServiceNow",
      "label": "ServiceNow Record Alerts Email [sys_email]",
      "environment": "HOSTED",
      "presentation": "{\"w\":100,\"x\":0,\"h\":50,\"y\":1130}",
      "step": "6db32873-470c-4850-930d-caa506ef2d6f",
      "stepType": "INTEGRATION",
      "inputMappings": [
        {
          "inputPort": "input",
          "mapping": "{\"value\":\"sys_email\",\"label\":\"Email [sys_email]\"}",
          "stepInput": "6fb516fe-5a42-5e28-9323-7c7608961a92"
        },
        {
          "inputPort": "input",
          "mapping": "[{\"dataOriginPointer\":{\"value\":\"body_text\",\"label\":\"Body text\",\"atDepth\":[\"primaryRecord\",\"body_text\"],\"type\":\"string_full_utf8\"},\"id\":\"155ab8ef-c2ab-40ce-aa43-8058de4e27e1\",\"name\":\"Body text\",\"description\":\"\",\"isShadowOf\":\"\",\"groupIndex\":0,\"position\":0},{\"dataOriginPointer\":{\"value\":\"body_text\",\"label\":\"Body text\",\"atDepth\":[\"secondaryRecord\",\"body_text\"]},\"id\":\"e9cbc242-83de-4a6d-95da-c38a2eae230f\",\"name\":\"Body text - Previous \",\"description\":\"{previous.body_text}\",\"isShadowOf\":\"155ab8ef-c2ab-40ce-aa43-8058de4e27e1\",\"groupIndex\":0,\"position\":1},{\"dataOriginPointer\":{\"value\":\"subject\",\"label\":\"Subject\",\"atDepth\":[\"primaryRecord\",\"subject\"],\"type\":\"string_full_utf8\"},\"id\":\"a84765c0-923c-4ca3-bfe4-c5000f0a2cb7\",\"name\":\"Subject\",\"description\":\"\",\"isShadowOf\":\"\",\"groupIndex\":1,\"position\":2},{\"dataOriginPointer\":{\"value\":\"subject\",\"label\":\"Subject\",\"atDepth\":[\"secondaryRecord\",\"subject\"]},\"id\":\"a086db2c-1081-4da1-aed9-04c9cd13777d\",\"name\":\"Subject - Previous \",\"description\":\"{previous.subject}\",\"isShadowOf\":\"a84765c0-923c-4ca3-bfe4-c5000f0a2cb7\",\"groupIndex\":1,\"position\":3},{\"dataOriginPointer\":{\"value\":\"direct\",\"label\":\"To\",\"atDepth\":[\"primaryRecord\",\"direct\"],\"type\":\"string\"},\"id\":\"417977fd-e1ff-42b4-90a9-b6a30b768b41\",\"name\":\"To\",\"description\":\"\",\"isShadowOf\":\"\",\"groupIndex\":2,\"position\":4},{\"dataOriginPointer\":{\"value\":\"direct\",\"label\":\"To\",\"atDepth\":[\"secondaryRecord\",\"direct\"]},\"id\":\"ac542910-32d0-4544-a37e-1368ab57f8e7\",\"name\":\"To - Previous \",\"description\":\"{previous.direct}\",\"isShadowOf\":\"417977fd-e1ff-42b4-90a9-b6a30b768b41\",\"groupIndex\":2,\"position\":5},{\"dataOriginPointer\":{\"value\":\"blind_copied\",\"label\":\"Blind copied\",\"atDepth\":[\"primaryRecord\",\"blind_copied\"],\"type\":\"string\"},\"id\":\"5a618479-b1d0-4e54-a82f-e8c8e24d1ac1\",\"name\":\"Blind copied\",\"description\":\"\",\"isShadowOf\":\"\",\"groupIndex\":3,\"position\":6},{\"dataOriginPointer\":{\"value\":\"blind_copied\",\"label\":\"Blind copied\",\"atDepth\":[\"secondaryRecord\",\"blind_copied\"]},\"id\":\"77a0aaf4-8867-4f5b-b66d-fb498f3b173b\",\"name\":\"Blind copied - Previous \",\"description\":\"{previous.blind_copied}\",\"isShadowOf\":\"5a618479-b1d0-4e54-a82f-e8c8e24d1ac1\",\"groupIndex\":3,\"position\":7},{\"dataOriginPointer\":{\"value\":\"copied\",\"label\":\"Copied\",\"atDepth\":[\"primaryRecord\",\"copied\"],\"type\":\"string\"},\"id\":\"c3216d53-ec2b-4965-9424-b90d4745acfa\",\"name\":\"Copied\",\"description\":\"\",\"isShadowOf\":\"\",\"groupIndex\":4,\"position\":8},{\"dataOriginPointer\":{\"value\":\"copied\",\"label\":\"Copied\",\"atDepth\":[\"secondaryRecord\",\"copied\"]},\"id\":\"c17eaca6-3af0-4ac0-9ae5-3060744da4b2\",\"name\":\"Copied - Previous \",\"description\":\"{previous.copied}\",\"isShadowOf\":\"c3216d53-ec2b-4965-9424-b90d4745acfa\",\"groupIndex\":4,\"position\":9},{\"dataOriginPointer\":{\"value\":\"instance\",\"label\":\"Target\",\"atDepth\":[\"primaryRecord\",\"instance\"],\"type\":\"document_id\"},\"id\":\"c7f3ad49-89e2-422d-a0dc-34236b841798\",\"name\":\"Target\",\"description\":\"\",\"isShadowOf\":\"\",\"groupIndex\":5,\"position\":10},{\"dataOriginPointer\":{\"value\":\"instance\",\"label\":\"Target\",\"atDepth\":[\"secondaryRecord\",\"instance\"]},\"id\":\"9454db27-65b6-404c-b620-03f40efca1dd\",\"name\":\"Target - Previous \",\"description\":\"{previous.instance}\",\"isShadowOf\":\"c7f3ad49-89e2-422d-a0dc-34236b841798\",\"groupIndex\":5,\"position\":11}]",
          "stepInput": "643a6a82-a9a3-51a9-b438-a9a3b5ef1452"
        }
      ],
      "dynamicOutputs": [
        {
          "id": "155ab8ef-c2ab-40ce-aa43-8058de4e27e1",
          "name": "Body text",
          "description": "",
          "position": 0,
          "integrationScriptStepUuid": "acc4467d-0242-571f-b62c-f0a1e863e4db"
        },
        {
          "id": "e9cbc242-83de-4a6d-95da-c38a2eae230f",
          "name": "Body text - Previous ",
          "description": "{previous.body_text}",
          "position": 1,
          "integrationScriptStepUuid": "acc4467d-0242-571f-b62c-f0a1e863e4db"
        },
        {
          "id": "a84765c0-923c-4ca3-bfe4-c5000f0a2cb7",
          "name": "Subject",
          "description": "",
          "position": 2,
          "integrationScriptStepUuid": "acc4467d-0242-571f-b62c-f0a1e863e4db"
        },
        {
          "id": "a086db2c-1081-4da1-aed9-04c9cd13777d",
          "name": "Subject - Previous ",
          "description": "{previous.subject}",
          "position": 3,
          "integrationScriptStepUuid": "acc4467d-0242-571f-b62c-f0a1e863e4db"
        },
        {
          "id": "417977fd-e1ff-42b4-90a9-b6a30b768b41",
          "name": "To",
          "description": "",
          "position": 4,
          "integrationScriptStepUuid": "acc4467d-0242-571f-b62c-f0a1e863e4db"
        },
        {
          "id": "ac542910-32d0-4544-a37e-1368ab57f8e7",
          "name": "To - Previous ",
          "description": "{previous.direct}",
          "position": 5,
          "integrationScriptStepUuid": "acc4467d-0242-571f-b62c-f0a1e863e4db"
        },
        {
          "id": "5a618479-b1d0-4e54-a82f-e8c8e24d1ac1",
          "name": "Blind copied",
          "description": "",
          "position": 6,
          "integrationScriptStepUuid": "acc4467d-0242-571f-b62c-f0a1e863e4db"
        },
        {
          "id": "77a0aaf4-8867-4f5b-b66d-fb498f3b173b",
          "name": "Blind copied - Previous ",
          "description": "{previous.blind_copied}",
          "position": 7,
          "integrationScriptStepUuid": "acc4467d-0242-571f-b62c-f0a1e863e4db"
        },
        {
          "id": "c3216d53-ec2b-4965-9424-b90d4745acfa",
          "name": "Copied",
          "description": "",
          "position": 8,
          "integrationScriptStepUuid": "acc4467d-0242-571f-b62c-f0a1e863e4db"
        },
        {
          "id": "c17eaca6-3af0-4ac0-9ae5-3060744da4b2",
          "name": "Copied - Previous ",
          "description": "{previous.copied}",
          "position": 9,
          "integrationScriptStepUuid": "acc4467d-0242-571f-b62c-f0a1e863e4db"
        },
        {
          "id": "c7f3ad49-89e2-422d-a0dc-34236b841798",
          "name": "Target",
          "description": "",
          "position": 10,
          "integrationScriptStepUuid": "acc4467d-0242-571f-b62c-f0a1e863e4db"
        },
        {
          "id": "9454db27-65b6-404c-b620-03f40efca1dd",
          "name": "Target - Previous ",
          "description": "{previous.instance}",
          "position": 11,
          "integrationScriptStepUuid": "acc4467d-0242-571f-b62c-f0a1e863e4db"
        }
      ]
    },
    {
      "id": "cb96d81e-47c9-499d-8add-a6c1daccf75c",
      "endpoint": "ServiceNow",
      "label": "ServiceNow Record Alerts Incident Task [incident_task]",
      "environment": "HOSTED",
      "presentation": "{\"w\":100,\"x\":0,\"h\":50,\"y\":40}",
      "step": "5b045dec-027b-4034-b65c-2ff9244bb738",
      "stepType": "INTEGRATION",
      "inputMappings": [
        {
          "inputPort": "input",
          "mapping": "{\"value\":\"incident_task\",\"label\":\"Incident Task [incident_task]\"}",
          "stepInput": "6fb516fe-5a42-5e28-9323-7c7608961a92"
        },
        {
          "inputPort": "input",
          "mapping": "[{\"dataOriginPointer\":{\"value\":\"parent\",\"label\":\"Parent\",\"atDepth\":[\"primaryRecord\",\"parent\",\"display_value\"],\"type\":\"reference\",\"reference\":\"task\"},\"id\":\"d0df1b2b-61a9-4aae-a2c8-2c0a15570047\",\"name\":\"Parent\",\"description\":\"\",\"isShadowOf\":\"\",\"groupIndex\":0,\"position\":0},{\"dataOriginPointer\":{\"value\":\"parent\",\"label\":\"Parent\",\"atDepth\":[\"secondaryRecord\",\"parent\",\"display_value\"]},\"id\":\"4794688c-9551-4deb-9ae9-91af3c46f463\",\"name\":\"Parent - Previous \",\"description\":\"{previous.parent.display_value}\",\"isShadowOf\":\"d0df1b2b-61a9-4aae-a2c8-2c0a15570047\",\"groupIndex\":0,\"position\":1},{\"dataOriginPointer\":{\"value\":\"parent\",\"label\":\"Parent\",\"atDepth\":[\"primaryRecord\",\"parent\",\"sys_id\"]},\"id\":\"be9d08d5-fcf9-4496-8d59-196850fefd8e\",\"name\":\"Parent - Record ID\",\"description\":\"{current.parent.sys_id}\",\"isShadowOf\":\"d0df1b2b-61a9-4aae-a2c8-2c0a15570047\",\"groupIndex\":0,\"position\":2},{\"dataOriginPointer\":{\"value\":\"parent\",\"label\":\"Parent\",\"atDepth\":[\"secondaryRecord\",\"parent\",\"sys_id\"]},\"id\":\"f5e96b2f-ec0b-47e0-bc62-33eec9331e1c\",\"name\":\"Parent - Previous Record ID\",\"description\":\"{previous.parent.sys_id}\",\"isShadowOf\":\"d0df1b2b-61a9-4aae-a2c8-2c0a15570047\",\"groupIndex\":0,\"position\":3},{\"dataOriginPointer\":{\"value\":\"priority\",\"label\":\"Priority\",\"atDepth\":[\"primaryRecord\",\"priority\"],\"type\":\"choice\"},\"id\":\"fa7313fe-8898-4cef-80bc-b39f9fbdddf5\",\"name\":\"Priority\",\"description\":\"\",\"isShadowOf\":\"\",\"groupIndex\":1,\"position\":4},{\"dataOriginPointer\":{\"value\":\"priority\",\"label\":\"Priority\",\"atDepth\":[\"secondaryRecord\",\"priority\"]},\"id\":\"b8a278c6-3aa0-4de9-a3e1-bf51530bb990\",\"name\":\"Priority - Previous \",\"description\":\"{previous.priority}\",\"isShadowOf\":\"fa7313fe-8898-4cef-80bc-b39f9fbdddf5\",\"groupIndex\":1,\"position\":5},{\"dataOriginPointer\":{\"value\":\"assignment_group\",\"label\":\"Assignment group\",\"atDepth\":[\"primaryRecord\",\"assignment_group\",\"display_value\"],\"type\":\"reference\",\"reference\":\"sys_user_group\"},\"id\":\"92b9061d-1e1e-448f-b0c7-1adb22bd6855\",\"name\":\"Assignment group\",\"description\":\"\",\"isShadowOf\":\"\",\"groupIndex\":2,\"position\":6},{\"dataOriginPointer\":{\"value\":\"assignment_group\",\"label\":\"Assignment group\",\"atDepth\":[\"secondaryRecord\",\"assignment_group\",\"display_value\"]},\"id\":\"7e86f80e-592c-4e51-9800-043e4e7e52a0\",\"name\":\"Assignment group - Previous \",\"description\":\"{previous.assignment_group.display_value}\",\"isShadowOf\":\"92b9061d-1e1e-448f-b0c7-1adb22bd6855\",\"groupIndex\":2,\"position\":7},{\"dataOriginPointer\":{\"value\":\"assignment_group\",\"label\":\"Assignment group\",\"atDepth\":[\"primaryRecord\",\"assignment_group\",\"sys_id\"]},\"id\":\"210fd5cb-a4d0-4849-ad18-f9875bbdbaf0\",\"name\":\"Assignment group - Record ID\",\"description\":\"{current.assignment_group.sys_id}\",\"isShadowOf\":\"92b9061d-1e1e-448f-b0c7-1adb22bd6855\",\"groupIndex\":2,\"position\":8},{\"dataOriginPointer\":{\"value\":\"assignment_group\",\"label\":\"Assignment group\",\"atDepth\":[\"secondaryRecord\",\"assignment_group\",\"sys_id\"]},\"id\":\"0794ba76-d144-4856-a937-30116e6a5f9d\",\"name\":\"Assignment group - Previous Record ID\",\"description\":\"{previous.assignment_group.sys_id}\",\"isShadowOf\":\"92b9061d-1e1e-448f-b0c7-1adb22bd6855\",\"groupIndex\":2,\"position\":9},{\"dataOriginPointer\":{\"value\":\"state\",\"label\":\"State\",\"atDepth\":[\"primaryRecord\",\"state\"],\"type\":\"choice\"},\"id\":\"86a22f4d-4349-41ff-9cc9-1cbfbd7df0a0\",\"name\":\"State\",\"description\":\"\",\"isShadowOf\":\"\",\"groupIndex\":3,\"position\":10},{\"dataOriginPointer\":{\"value\":\"state\",\"label\":\"State\",\"atDepth\":[\"secondaryRecord\",\"state\"]},\"id\":\"739552b6-5a0a-4820-9ead-2c23e5315682\",\"name\":\"State - Previous \",\"description\":\"{previous.state}\",\"isShadowOf\":\"86a22f4d-4349-41ff-9cc9-1cbfbd7df0a0\",\"groupIndex\":3,\"position\":11},{\"dataOriginPointer\":{\"value\":\"short_description\",\"label\":\"Short description\",\"atDepth\":[\"primaryRecord\",\"short_description\"],\"type\":\"string\"},\"id\":\"8099a1e7-7d87-49df-890f-d29c24f4f262\",\"name\":\"Short description\",\"description\":\"\",\"isShadowOf\":\"\",\"groupIndex\":4,\"position\":12},{\"dataOriginPointer\":{\"value\":\"short_description\",\"label\":\"Short description\",\"atDepth\":[\"secondaryRecord\",\"short_description\"]},\"id\":\"dc23918b-0dcc-45b6-aa97-5074140eb1ec\",\"name\":\"Short description - Previous \",\"description\":\"{previous.short_description}\",\"isShadowOf\":\"8099a1e7-7d87-49df-890f-d29c24f4f262\",\"groupIndex\":4,\"position\":13},{\"dataOriginPointer\":{\"value\":\"description\",\"label\":\"Description\",\"atDepth\":[\"primaryRecord\",\"description\"],\"type\":\"string\"},\"id\":\"4c1dd933-155f-4641-abbc-c6993c0981eb\",\"name\":\"Description\",\"description\":\"\",\"isShadowOf\":\"\",\"groupIndex\":5,\"position\":14},{\"dataOriginPointer\":{\"value\":\"description\",\"label\":\"Description\",\"atDepth\":[\"secondaryRecord\",\"description\"]},\"id\":\"7389abc9-17b1-4124-9561-7c531a39305e\",\"name\":\"Description - Previous \",\"description\":\"{previous.description}\",\"isShadowOf\":\"4c1dd933-155f-4641-abbc-c6993c0981eb\",\"groupIndex\":5,\"position\":15},{\"dataOriginPointer\":{\"value\":\"incident\",\"label\":\"Incident\",\"atDepth\":[\"primaryRecord\",\"incident\",\"display_value\"],\"type\":\"reference\",\"reference\":\"incident\"},\"id\":\"b93b1a54-2789-4d9c-a119-c461c7073f04\",\"name\":\"Incident\",\"description\":\"\",\"isShadowOf\":\"\",\"groupIndex\":6,\"position\":16},{\"dataOriginPointer\":{\"value\":\"incident\",\"label\":\"Incident\",\"atDepth\":[\"secondaryRecord\",\"incident\",\"display_value\"]},\"id\":\"2d3f7610-2855-4ba4-8432-afc06ecbffa4\",\"name\":\"Incident - Previous \",\"description\":\"{previous.incident.display_value}\",\"isShadowOf\":\"b93b1a54-2789-4d9c-a119-c461c7073f04\",\"groupIndex\":6,\"position\":17},{\"dataOriginPointer\":{\"value\":\"incident\",\"label\":\"Incident\",\"atDepth\":[\"primaryRecord\",\"incident\",\"sys_id\"]},\"id\":\"a91b7280-15bf-479b-ae44-cb4507ae0154\",\"name\":\"Incident - Record ID\",\"description\":\"{current.incident.sys_id}\",\"isShadowOf\":\"b93b1a54-2789-4d9c-a119-c461c7073f04\",\"groupIndex\":6,\"position\":18},{\"dataOriginPointer\":{\"value\":\"incident\",\"label\":\"Incident\",\"atDepth\":[\"secondaryRecord\",\"incident\",\"sys_id\"]},\"id\":\"29f4761b-e155-4c0e-82f7-7b8c9898d04c\",\"name\":\"Incident - Previous Record ID\",\"description\":\"{previous.incident.sys_id}\",\"isShadowOf\":\"b93b1a54-2789-4d9c-a119-c461c7073f04\",\"groupIndex\":6,\"position\":19}]",
          "stepInput": "643a6a82-a9a3-51a9-b438-a9a3b5ef1452"
        }
      ],
      "dynamicOutputs": [
        {
          "id": "d0df1b2b-61a9-4aae-a2c8-2c0a15570047",
          "name": "Parent",
          "description": "",
          "position": 0,
          "integrationScriptStepUuid": "acc4467d-0242-571f-b62c-f0a1e863e4db"
        },
        {
          "id": "4794688c-9551-4deb-9ae9-91af3c46f463",
          "name": "Parent - Previous ",
          "description": "{previous.parent.display_value}",
          "position": 1,
          "integrationScriptStepUuid": "acc4467d-0242-571f-b62c-f0a1e863e4db"
        },
        {
          "id": "be9d08d5-fcf9-4496-8d59-196850fefd8e",
          "name": "Parent - Record ID",
          "description": "{current.parent.sys_id}",
          "position": 2,
          "integrationScriptStepUuid": "acc4467d-0242-571f-b62c-f0a1e863e4db"
        },
        {
          "id": "f5e96b2f-ec0b-47e0-bc62-33eec9331e1c",
          "name": "Parent - Previous Record ID",
          "description": "{previous.parent.sys_id}",
          "position": 3,
          "integrationScriptStepUuid": "acc4467d-0242-571f-b62c-f0a1e863e4db"
        },
        {
          "id": "fa7313fe-8898-4cef-80bc-b39f9fbdddf5",
          "name": "Priority",
          "description": "",
          "position": 4,
          "integrationScriptStepUuid": "acc4467d-0242-571f-b62c-f0a1e863e4db"
        },
        {
          "id": "b8a278c6-3aa0-4de9-a3e1-bf51530bb990",
          "name": "Priority - Previous ",
          "description": "{previous.priority}",
          "position": 5,
          "integrationScriptStepUuid": "acc4467d-0242-571f-b62c-f0a1e863e4db"
        },
        {
          "id": "92b9061d-1e1e-448f-b0c7-1adb22bd6855",
          "name": "Assignment group",
          "description": "",
          "position": 6,
          "integrationScriptStepUuid": "acc4467d-0242-571f-b62c-f0a1e863e4db"
        },
        {
          "id": "7e86f80e-592c-4e51-9800-043e4e7e52a0",
          "name": "Assignment group - Previous ",
          "description": "{previous.assignment_group.display_value}",
          "position": 7,
          "integrationScriptStepUuid": "acc4467d-0242-571f-b62c-f0a1e863e4db"
        },
        {
          "id": "210fd5cb-a4d0-4849-ad18-f9875bbdbaf0",
          "name": "Assignment group - Record ID",
          "description": "{current.assignment_group.sys_id}",
          "position": 8,
          "integrationScriptStepUuid": "acc4467d-0242-571f-b62c-f0a1e863e4db"
        },
        {
          "id": "0794ba76-d144-4856-a937-30116e6a5f9d",
          "name": "Assignment group - Previous Record ID",
          "description": "{previous.assignment_group.sys_id}",
          "position": 9,
          "integrationScriptStepUuid": "acc4467d-0242-571f-b62c-f0a1e863e4db"
        },
        {
          "id": "86a22f4d-4349-41ff-9cc9-1cbfbd7df0a0",
          "name": "State",
          "description": "",
          "position": 10,
          "integrationScriptStepUuid": "acc4467d-0242-571f-b62c-f0a1e863e4db"
        },
        {
          "id": "739552b6-5a0a-4820-9ead-2c23e5315682",
          "name": "State - Previous ",
          "description": "{previous.state}",
          "position": 11,
          "integrationScriptStepUuid": "acc4467d-0242-571f-b62c-f0a1e863e4db"
        },
        {
          "id": "8099a1e7-7d87-49df-890f-d29c24f4f262",
          "name": "Short description",
          "description": "",
          "position": 12,
          "integrationScriptStepUuid": "acc4467d-0242-571f-b62c-f0a1e863e4db"
        },
        {
          "id": "dc23918b-0dcc-45b6-aa97-5074140eb1ec",
          "name": "Short description - Previous ",
          "description": "{previous.short_description}",
          "position": 13,
          "integrationScriptStepUuid": "acc4467d-0242-571f-b62c-f0a1e863e4db"
        },
        {
          "id": "4c1dd933-155f-4641-abbc-c6993c0981eb",
          "name": "Description",
          "description": "",
          "position": 14,
          "integrationScriptStepUuid": "acc4467d-0242-571f-b62c-f0a1e863e4db"
        },
        {
          "id": "7389abc9-17b1-4124-9561-7c531a39305e",
          "name": "Description - Previous ",
          "description": "{previous.description}",
          "position": 15,
          "integrationScriptStepUuid": "acc4467d-0242-571f-b62c-f0a1e863e4db"
        },
        {
          "id": "b93b1a54-2789-4d9c-a119-c461c7073f04",
          "name": "Incident",
          "description": "",
          "position": 16,
          "integrationScriptStepUuid": "acc4467d-0242-571f-b62c-f0a1e863e4db"
        },
        {
          "id": "2d3f7610-2855-4ba4-8432-afc06ecbffa4",
          "name": "Incident - Previous ",
          "description": "{previous.incident.display_value}",
          "position": 17,
          "integrationScriptStepUuid": "acc4467d-0242-571f-b62c-f0a1e863e4db"
        },
        {
          "id": "a91b7280-15bf-479b-ae44-cb4507ae0154",
          "name": "Incident - Record ID",
          "description": "{current.incident.sys_id}",
          "position": 18,
          "integrationScriptStepUuid": "acc4467d-0242-571f-b62c-f0a1e863e4db"
        },
        {
          "id": "29f4761b-e155-4c0e-82f7-7b8c9898d04c",
          "name": "Incident - Previous Record ID",
          "description": "{previous.incident.sys_id}",
          "position": 19,
          "integrationScriptStepUuid": "acc4467d-0242-571f-b62c-f0a1e863e4db"
        }
      ]
    },
    {
      "id": "c1a5ec43-51f9-438f-8a17-bd16f6afcd50",
      "label": "SeviceNow - Clean Up Body Text from sys email",
      "environment": "HOSTED",
      "presentation": "{\"w\":100,\"x\":880,\"h\":50,\"y\":1130}",
      "step": "e7566968-b844-4950-b0b4-1f8227bc49e3",
      "stepType": "SCRIPT_STEP",
      "inputMappings": [
        {
          "inputPort": "input",
          "mapping": "${17ae16c4-694c-40da-ab4c-5b912899b25e.Body text}",
          "stepInput": "9a8f74ae-8716-4d5f-b8f6-f448020291f9"
        }
      ]
    },
    {
      "id": "c7335615-331b-445d-bfea-b093cf3b32dd",
      "endpoint": "ServiceNow",
      "label": "Update Record - Incident Task [incident_task]",
      "environment": "HOSTED",
      "presentation": "{\"w\":100,\"x\":440,\"h\":50,\"y\":408}",
      "step": "cc8d9236-e916-576d-bf74-da8a5141b394",
      "stepType": "SCRIPT_STEP",
      "inputMappings": [
        {
          "inputPort": "input",
          "mapping": "{\"value\":\"incident_task\",\"label\":\"Incident Task [incident_task]\"}",
          "stepInput": "35e3c626-24df-5cb6-aa86-a92a1c62eb92"
        },
        {
          "inputPort": "input",
          "mapping": "[]",
          "stepInput": "5b0f86f3-c3aa-5ed8-8871-02c6bf5891bd"
        },
        {
          "inputPort": "input",
          "mapping": "[{\"dataOriginPointer\":{\"value\":\"state\",\"label\":\"State\",\"type\":\"choice\"},\"id\":\"9e918315-86d9-456b-bed0-e68461c8fbee\",\"name\":\"State\",\"position\":0,\"failIfEmpty\":false,\"inputValue\":\"Closed Complete\"},{\"dataOriginPointer\":{\"value\":\"assigned_to\",\"label\":\"Assigned to\",\"type\":\"reference\",\"reference\":\"sys_user\"},\"id\":\"322a7409-498d-4e47-8e95-853605915b5a\",\"name\":\"Assigned to\",\"position\":1,\"failIfEmpty\":false,\"inputValue\":\"${9f089205-2568-4cd2-85fb-47e4a046687b.respondedTo.by.targetName}\"},{\"dataOriginPointer\":{\"value\":\"work_notes\",\"label\":\"Work notes\",\"type\":\"journal_input\"},\"id\":\"e924f532-fa2b-4352-9968-cf81626fd0aa\",\"name\":\"Work notes\",\"position\":2,\"failIfEmpty\":false,\"inputValue\":\"(Incident Task - ${9f089205-2568-4cd2-85fb-47e4a046687b.alert.alertId}) [code]<b>${9f089205-2568-4cd2-85fb-47e4a046687b.respondedTo.by.firstName} ${9f089205-2568-4cd2-85fb-47e4a046687b.respondedTo.by.lastName} (${9f089205-2568-4cd2-85fb-47e4a046687b.respondedTo.by.targetName})</b> responded: <b>${9f089205-2568-4cd2-85fb-47e4a046687b.response.response}</b>[/code]\"}]",
          "stepInput": "1d154f73-037b-5a2f-8518-e6fef6434a61"
        },
        {
          "inputPort": "input",
          "mapping": "${cb96d81e-47c9-499d-8add-a6c1daccf75c.Record ID}",
          "stepInput": "f26018b2-ec77-5ef6-b2ff-7477afe47b89"
        }
      ]
    }
  ],
  "edges": [
    {
      "fromBlock": "c1a5ec43-51f9-438f-8a17-bd16f6afcd50",
      "fromPort": "output",
      "toBlock": "ed0576f5-6054-4a09-b1bb-c26ce70a5f82",
      "toPort": "input"
    },
    {
      "fromBlock": "cb96d81e-47c9-499d-8add-a6c1daccf75c",
      "fromPort": "output",
      "toBlock": "9f089205-2568-4cd2-85fb-47e4a046687b",
      "toPort": "input"
    },
    {
      "fromBlock": "cea0ae9a-5f08-40a1-992e-23ef2a5aecd1",
      "fromPort": "output",
      "toBlock": "46ebf45c-73c9-4f9f-80f7-9391fa3406e6",
      "toPort": "input"
    },
    {
      "fromBlock": "cf8633d5-70d0-482f-9352-14f386c47944",
      "fromPort": "output",
      "toBlock": "c7335615-331b-445d-bfea-b093cf3b32dd",
      "toPort": "input"
    },
    {
      "fromBlock": "e02b91bf-ead9-4ea8-957f-60dedd72b5b8",
      "fromPort": "output",
      "toBlock": "26d707ce-8c63-4fd5-9346-d1ada3edbddc",
      "toPort": "input"
    },
    {
      "fromBlock": "e24b1a20-0fd1-4160-8d77-d2dfb7eea96a",
      "fromPort": "output",
      "toBlock": "3ce9adbb-081c-4fcd-859d-6e9c7e442db0",
      "toPort": "input"
    },
    {
      "fromBlock": "e409f3b0-438f-4e20-8408-218c454aa68b",
      "fromPort": "output",
      "toBlock": "c1a5ec43-51f9-438f-8a17-bd16f6afcd50",
      "toPort": "input"
    },
    {
      "fromBlock": "17ae16c4-694c-40da-ab4c-5b912899b25e",
      "fromPort": "output",
      "toBlock": "e24b1a20-0fd1-4160-8d77-d2dfb7eea96a",
      "toPort": "input"
    },
    {
      "fromBlock": "3ce9adbb-081c-4fcd-859d-6e9c7e442db0",
      "fromPort": "output",
      "toBlock": "e409f3b0-438f-4e20-8408-218c454aa68b",
      "toPort": "input"
    }
  ]
}