[
  {
    "id": "e7566968-b844-4950-b0b4-1f8227bc49e3",
    "name": "SeviceNow - Clean Up Body Text from sys email",
    "description": "",
    "icon": "/static/images/script_steps/default-brackets.svg",
    "script": "const input_body = input['Body Text'];\nconst result = input_body.replace(/\\n[\\s\\S]*/, \"\");\noutput['Body Text Clean'] = result;",
    "allowedEnvironment": "HOSTED",
    "accessibleByAll": "NotShared",
    "stage": "DEVELOPMENT",
    "scriptStepType": "USER",
    "inputs": [
      {
        "id": "9a8f74ae-8716-4d5f-b8f6-f448020291f9",
        "name": "Body Text",
        "helpText": "",
        "defaultValue": "",
        "multiline": false,
        "required": false,
        "maxLength": 20000,
        "minLength": 0,
        "position": 0
      }
    ],
    "outputs": [
      {
        "id": "c6e677a7-3bbb-4bfd-98cf-8c72b9f66fe9",
        "name": "Body Text Clean",
        "position": 0
      }
    ],
    "libraries": []
  },
  {
    "id": "2177de98-5eec-4661-b31b-3d83a1e91e9f",
    "name": "ServiceNow - Get INC Communication Task",
    "description": "",
    "icon": "/static/images/script_steps/default-brackets.svg",
    "script": "const str = input['Incident Communication Task Number'];\nconst match = str.match(/ICT\\d+/);\n\nif (match) {\n  console.log(match[0]); // ICT0001002\n}\n\n\nvar apiRequest = http.request({\n    'endpoint': 'ServiceNow',\n    'path': '/api/now/table/incident_alert_task?sysparm_query=number=' + encodeURIComponent(match[0]),\n    'method': 'GET'\n});\nvar apiResponse = apiRequest.write();\nif (apiResponse.statusCode == 200) {\n    var body = JSON.parse(apiResponse.body);\n    console.log(`Result is ${JSON.stringify(body)}`);\n    output['Group Sys ID'] = body.result[0]['assignment_group']['value'];\n    output['Incident Alert Sys ID'] = body['result'][0]['incident_alert']['value'];\n}\n ",
    "endpointLabel": "ServiceNow",
    "allowedEnvironment": "HOSTED",
    "accessibleByAll": "NotShared",
    "stage": "DEVELOPMENT",
    "scriptStepType": "USER",
    "inputs": [
      {
        "id": "6da95f23-e22f-45c2-97a3-5f4c884a2fc3",
        "name": "Incident Communication Task Number",
        "helpText": "",
        "defaultValue": "",
        "multiline": false,
        "required": false,
        "maxLength": 20000,
        "minLength": 0,
        "position": 0
      }
    ],
    "outputs": [
      {
        "id": "fcf94ba5-be61-46c0-81b7-65e59659f6b4",
        "name": "Group Sys ID",
        "position": 0
      },
      {
        "id": "755afb02-3cf0-4b5d-a560-6e96f1e6a01e",
        "name": "Incident Alert Sys ID",
        "position": 1
      }
    ],
    "libraries": []
  },
  {
    "id": "8ff49fc0-8587-4df8-b41f-67036380f2a8",
    "name": "LOG",
    "description": "",
    "icon": "/static/images/script_steps/default-brackets.svg",
    "script": "console.log(input['message']);",
    "allowedEnvironment": "HOSTED",
    "accessibleByAll": "NotShared",
    "stage": "DEVELOPMENT",
    "scriptStepType": "USER",
    "inputs": [
      {
        "id": "d48fbab1-f6c2-4053-9c09-f8b726e772fd",
        "name": "message",
        "helpText": "",
        "defaultValue": "",
        "multiline": false,
        "required": false,
        "maxLength": 20000,
        "minLength": 0,
        "position": 0
      }
    ],
    "outputs": [],
    "libraries": []
  },
  {
    "id": "fd491fb5-6a36-4c07-9a60-1d7ef48596d4",
    "name": "ServiceNow - Get Group by sys_id",
    "description": "",
    "icon": "/static/images/script_steps/default-brackets.svg",
    "script": "var apiRequest = http.request({\n    'endpoint': 'ServiceNow',\n    'path': '/api/now/table/sys_user_group?sysparm_query=sys_id=' + encodeURIComponent(input['Group sys ID']),\n    'method': 'GET'\n});\nvar apiResponse = apiRequest.write();\nif (apiResponse.statusCode == 200) {\n    var body = JSON.parse(apiResponse.body);\n    console.log(`Result is ${body}`);\n    output['Group Name'] = body.result[0].name;\n}\n ",
    "endpointLabel": "ServiceNow",
    "allowedEnvironment": "HOSTED",
    "accessibleByAll": "NotShared",
    "stage": "DEVELOPMENT",
    "scriptStepType": "USER",
    "inputs": [
      {
        "id": "2939624d-cbe0-405b-91b5-e1d4d964ebc0",
        "name": "Group sys ID",
        "helpText": "",
        "defaultValue": "",
        "multiline": false,
        "required": false,
        "maxLength": 20000,
        "minLength": 0,
        "position": 0
      }
    ],
    "outputs": [
      {
        "id": "00ab8157-d643-4149-98fa-f92e55a6a009",
        "name": "Group Name",
        "position": 0
      }
    ],
    "libraries": []
  },
  {
    "id": "d1ef149d-fc25-4d9d-9496-251f6dd99f3c",
    "name": "ServiceNow - Get INC Alert (Comm Plan)",
    "description": "",
    "icon": "/static/images/script_steps/default-brackets.svg",
    "script": "var apiRequest = http.request({\n    'endpoint': 'ServiceNow',\n    'path': '/api/now/table/incident_alert?sysparm_query=sys_id=' + encodeURIComponent(input['Incident Alert Sys ID']),\n    'method': 'GET'\n});\nvar apiResponse = apiRequest.write();\nif (apiResponse.statusCode == 200) {\n    var body = JSON.parse(apiResponse.body);\n    console.log(`Result is ${JSON.stringify(body)}`);\n    output['Group Sys ID'] = body.result[0]['assignment_group']['value'];\n    output['Incident Sys ID'] = body['result'][0]['source_incident']['value'];\n}\n ",
    "endpointLabel": "ServiceNow",
    "allowedEnvironment": "HOSTED",
    "accessibleByAll": "NotShared",
    "stage": "DEVELOPMENT",
    "scriptStepType": "USER",
    "inputs": [
      {
        "id": "d6b7d302-402f-4398-aa5f-6f6d3c9b6303",
        "name": "Incident Alert Sys ID",
        "helpText": "",
        "defaultValue": "",
        "multiline": false,
        "required": false,
        "maxLength": 20000,
        "minLength": 0,
        "position": 0
      }
    ],
    "outputs": [
      {
        "id": "12cf0248-05e0-45c0-b014-8d234f1d1778",
        "name": "Incident Sys ID",
        "position": 0
      }
    ],
    "libraries": []
  }
]