{
  "integrations": [
    {
      "id": "0774765b-ca12-4a37-9367-5d21169577d6",
      "name": "Create Alert - Acknowledge",
      "action": "RUN_SCRIPT",
      "type": "OUTBOUND_WEBHOOK",
      "triggeredBy": "RESPONSE",
      "deployed": true,
      "environment": "HOSTED",
      "authType": "NONE",
      "createdBy": "FLOW"
    },
    {
      "id": "6b0c6e8d-a405-466c-a3c0-0ceb87e8f981",
      "name": "Create Alert - Alert Comments",
      "action": "RUN_SCRIPT",
      "type": "OUTBOUND_WEBHOOK",
      "triggeredBy": "ANNOTATION",
      "deployed": true,
      "environment": "HOSTED",
      "authType": "NONE",
      "createdBy": "FLOW"
    },
    {
      "id": "e1bc2ba2-02f1-43dd-961b-46bf74a40a8f",
      "name": "Create Alert - Alert Status Updates",
      "action": "RUN_SCRIPT",
      "type": "OUTBOUND_WEBHOOK",
      "triggeredBy": "STATUS",
      "deployed": true,
      "environment": "HOSTED",
      "authType": "NONE",
      "createdBy": "FLOW"
    },
    {
      "id": "16b5f3c8-5e43-48bc-95d7-aa9b2c8c842f",
      "name": "Create Alert - Device Delivery Updates",
      "action": "RUN_SCRIPT",
      "type": "OUTBOUND_WEBHOOK",
      "triggeredBy": "DELIVERYSTATUS",
      "deployed": true,
      "environment": "HOSTED",
      "authType": "NONE",
      "createdBy": "FLOW"
    },
    {
      "id": "fb0eddd5-99dd-4c6a-ae6e-1ed28b170dee",
      "name": "Create Alert - Escalate",
      "action": "RUN_SCRIPT",
      "type": "OUTBOUND_WEBHOOK",
      "triggeredBy": "RESPONSE",
      "deployed": true,
      "environment": "HOSTED",
      "authType": "NONE",
      "createdBy": "FLOW"
    },
    {
      "id": "75310c8b-b7d3-4904-b346-eed6098d58fa",
      "name": "Create Alert with Conference Bridge - Alert Comments",
      "action": "RUN_SCRIPT",
      "type": "OUTBOUND_WEBHOOK",
      "triggeredBy": "ANNOTATION",
      "deployed": true,
      "environment": "HOSTED",
      "authType": "NONE",
      "createdBy": "FLOW"
    },
    {
      "id": "c9d2b5e7-6868-43a1-8264-c940a7768203",
      "name": "Create Alert with Conference Bridge - Alert Status Updates",
      "action": "RUN_SCRIPT",
      "type": "OUTBOUND_WEBHOOK",
      "triggeredBy": "STATUS",
      "deployed": true,
      "environment": "HOSTED",
      "authType": "NONE",
      "createdBy": "FLOW"
    },
    {
      "id": "62f7d7c3-d72e-413e-beec-ceac6e40b457",
      "name": "Create Alert with Conference Bridge - Device Delivery Updates",
      "action": "RUN_SCRIPT",
      "type": "OUTBOUND_WEBHOOK",
      "triggeredBy": "DELIVERYSTATUS",
      "deployed": true,
      "environment": "HOSTED",
      "authType": "NONE",
      "createdBy": "FLOW"
    },
    {
      "id": "05505f37-2ac4-494f-ac9e-3740f8caa9b2",
      "name": "Create Alert with Conference Bridge - Escalate",
      "action": "RUN_SCRIPT",
      "type": "OUTBOUND_WEBHOOK",
      "triggeredBy": "RESPONSE",
      "deployed": true,
      "environment": "HOSTED",
      "authType": "NONE",
      "createdBy": "FLOW"
    },
    {
      "id": "5faebd11-0064-4b25-aee1-ae9cbb5098cb",
      "name": "Create Alert with Conference Bridge - Join",
      "action": "RUN_SCRIPT",
      "type": "OUTBOUND_WEBHOOK",
      "triggeredBy": "RESPONSE",
      "deployed": true,
      "environment": "HOSTED",
      "authType": "NONE",
      "createdBy": "FLOW"
    },
    {
      "id": "84ac166c-6a1d-4f8d-a911-c545be8f7363",
      "name": "Engage with xMatters - ServiceNow Action",
      "action": "RUN_SCRIPT",
      "type": "INBOUND_WEBHOOK",
      "deployed": true,
      "form": "8086d8cb-4227-4211-89bb-57b4415a2ba8",
      "environment": "HOSTED",
      "authType": "ANY",
      "createdBy": "FLOW",
      "integrationScriptStepUuid": "200aeb51-c5e6-5e7a-94f5-8875bdd73112"
    },
    {
      "id": "3335a38b-5958-413a-8b59-fa6043e893ab",
      "name": "Incident Task Alert - Acknowledge",
      "action": "RUN_SCRIPT",
      "type": "OUTBOUND_WEBHOOK",
      "triggeredBy": "RESPONSE",
      "responseChoice": "Acknowledge",
      "deployed": true,
      "form": "2558e646-cc3b-4d5a-8fc7-b13bf1a7a3ca",
      "environment": "HOSTED",
      "authType": "NONE",
      "createdBy": "FLOW"
    },
    {
      "id": "64deff68-8330-485a-aca5-b1cbb3b9a3f5",
      "name": "Incident Task Alert - Alert Comments",
      "action": "RUN_SCRIPT",
      "type": "OUTBOUND_WEBHOOK",
      "triggeredBy": "ANNOTATION",
      "deployed": true,
      "form": "2558e646-cc3b-4d5a-8fc7-b13bf1a7a3ca",
      "environment": "HOSTED",
      "authType": "NONE",
      "createdBy": "FLOW"
    },
    {
      "id": "86c0b1ac-3fac-4629-90cd-012392527389",
      "name": "Incident Task Alert - Esclate",
      "action": "RUN_SCRIPT",
      "type": "OUTBOUND_WEBHOOK",
      "triggeredBy": "RESPONSE",
      "responseChoice": "Esclate",
      "deployed": true,
      "form": "2558e646-cc3b-4d5a-8fc7-b13bf1a7a3ca",
      "environment": "HOSTED",
      "authType": "NONE",
      "createdBy": "FLOW"
    },
    {
      "id": "b45c4618-15e4-41c4-9a84-fa57c104f1dc",
      "name": "Notify Assignee - Accept",
      "action": "RUN_SCRIPT",
      "type": "OUTBOUND_WEBHOOK",
      "triggeredBy": "RESPONSE",
      "deployed": true,
      "environment": "HOSTED",
      "authType": "NONE",
      "createdBy": "FLOW"
    },
    {
      "id": "a11e5114-2c02-49d6-9fee-e0ca15762b7c",
      "name": "Notify Assignee - Alert Comments",
      "action": "RUN_SCRIPT",
      "type": "OUTBOUND_WEBHOOK",
      "triggeredBy": "ANNOTATION",
      "deployed": true,
      "environment": "HOSTED",
      "authType": "NONE",
      "createdBy": "FLOW"
    },
    {
      "id": "be276cde-6e68-4182-9535-c04d6e4c0bfa",
      "name": "Notify Assignee - Device Delivery Updates",
      "action": "RUN_SCRIPT",
      "type": "OUTBOUND_WEBHOOK",
      "triggeredBy": "DELIVERYSTATUS",
      "deployed": true,
      "environment": "HOSTED",
      "authType": "NONE",
      "createdBy": "FLOW"
    },
    {
      "id": "c95a4001-cf00-4292-a516-fb32512b777d",
      "name": "Notify Assignee - Reject",
      "action": "RUN_SCRIPT",
      "type": "OUTBOUND_WEBHOOK",
      "triggeredBy": "RESPONSE",
      "deployed": true,
      "environment": "HOSTED",
      "authType": "NONE",
      "createdBy": "FLOW"
    },
    {
      "id": "e7a27f88-a0b5-4d59-b3cf-5bf663be7f34",
      "name": "Notify Assignment Group - Alert Comments",
      "action": "RUN_SCRIPT",
      "type": "OUTBOUND_WEBHOOK",
      "triggeredBy": "ANNOTATION",
      "deployed": true,
      "form": "d0a4a2a6-5472-4c8e-b4dc-7706d68abf9e",
      "environment": "HOSTED",
      "authType": "NONE",
      "createdBy": "FLOW"
    },
    {
      "id": "ee514dec-18a5-4772-a49f-f35c7bb39f31",
      "name": "Notify Assignment Group - Assign to Me",
      "action": "RUN_SCRIPT",
      "type": "OUTBOUND_WEBHOOK",
      "triggeredBy": "RESPONSE",
      "responseChoice": "Assign to Me",
      "deployed": true,
      "form": "d0a4a2a6-5472-4c8e-b4dc-7706d68abf9e",
      "environment": "HOSTED",
      "authType": "NONE",
      "createdBy": "FLOW"
    },
    {
      "id": "bb460f1c-f9d0-412c-b1e7-0ec15ed9301d",
      "name": "Notify Assignment Group - Assign to Next On Call",
      "action": "RUN_SCRIPT",
      "type": "OUTBOUND_WEBHOOK",
      "triggeredBy": "RESPONSE",
      "responseChoice": "Assign to Next On Call",
      "deployed": true,
      "form": "d0a4a2a6-5472-4c8e-b4dc-7706d68abf9e",
      "environment": "HOSTED",
      "authType": "NONE",
      "createdBy": "FLOW"
    },
    {
      "id": "1c55f56a-a5b0-48d7-a25c-0b5b186f618d",
      "name": "Notify Assignment Group - Device Delivery Updates",
      "action": "RUN_SCRIPT",
      "type": "OUTBOUND_WEBHOOK",
      "triggeredBy": "DELIVERYSTATUS",
      "deployed": true,
      "form": "d0a4a2a6-5472-4c8e-b4dc-7706d68abf9e",
      "environment": "HOSTED",
      "authType": "NONE",
      "createdBy": "FLOW"
    },
    {
      "id": "6db32873-470c-4850-930d-caa506ef2d6f",
      "name": "ServiceNow Record Alerts Email [sys_email] - 6db32873-470c-4850-930d-caa506ef2d6f",
      "action": "RUN_SCRIPT",
      "type": "INBOUND_WEBHOOK",
      "deployed": true,
      "environment": "HOSTED",
      "authType": "ANY",
      "createdBy": "FLOW",
      "integrationScriptStepUuid": "acc4467d-0242-571f-b62c-f0a1e863e4db"
    },
    {
      "id": "06a1baf8-4e7c-4505-ab87-06e432236202",
      "name": "ServiceNow Record Alerts Incident [incident] - 06a1baf8-4e7c-4505-ab87-06e432236202",
      "action": "RUN_SCRIPT",
      "type": "INBOUND_WEBHOOK",
      "deployed": true,
      "environment": "HOSTED",
      "authType": "ANY",
      "createdBy": "FLOW",
      "integrationScriptStepUuid": "acc4467d-0242-571f-b62c-f0a1e863e4db"
    },
    {
      "id": "5b045dec-027b-4034-b65c-2ff9244bb738",
      "name": "ServiceNow Record Alerts Incident Task [incident_task] - 5b045dec-027b-4034-b65c-2ff9244bb738",
      "action": "RUN_SCRIPT",
      "type": "INBOUND_WEBHOOK",
      "deployed": true,
      "environment": "HOSTED",
      "authType": "ANY",
      "createdBy": "FLOW",
      "integrationScriptStepUuid": "acc4467d-0242-571f-b62c-f0a1e863e4db"
    }
  ],
  "endpoints": [
    {
      "name": "ServiceNow",
      "baseUrl": "https://dev285207.service-now.com/",
      "type": "EXTERNAL",
      "authentication": "SERVICENOW",
      "oauthScopes": "",
      "endpointData": "{}"
    }
  ],
  "constants": []
}