[
  {
    "id": "bc2fa65f-44b5-4669-a7cf-2215a71de57f",
    "isActive": true,
    "flowId": "5b045dec-027b-4034-b65c-2ff9244bb738",
    "workflowId": "b048b4cf-0ac1-4823-8fd0-738c43c922f4",
    "orgUuid": "7a375137-1477-4c97-92aa-3ccebfb3707b",
    "config": "{\"outputs\": [], \"periodSeconds\": 60, \"floodThreshold\": 4}"
  },
  {
    "id": "0fb46819-2016-4b7f-8b10-d1bd0b06b086",
    "isActive": true,
    "flowId": "6db32873-470c-4850-930d-caa506ef2d6f",
    "workflowId": "b048b4cf-0ac1-4823-8fd0-738c43c922f4",
    "orgUuid": "7a375137-1477-4c97-92aa-3ccebfb3707b",
    "config": "{\"outputs\": [], \"periodSeconds\": 60, \"floodThreshold\": 4}"
  },
  {
    "id": "b1045bbf-cacf-45f8-9b9e-8e49d8277b67",
    "isActive": true,
    "flowId": "06a1baf8-4e7c-4505-ab87-06e432236202",
    "workflowId": "b048b4cf-0ac1-4823-8fd0-738c43c922f4",
    "orgUuid": "7a375137-1477-4c97-92aa-3ccebfb3707b",
    "config": "{\"outputs\": [], \"periodSeconds\": 60, \"floodThreshold\": 4}"
  },
  {
    "id": "71039c39-13b4-47cb-a1b5-fa100732e298",
    "isActive": true,
    "flowId": "84ac166c-6a1d-4f8d-a911-c545be8f7363",
    "workflowId": "b048b4cf-0ac1-4823-8fd0-738c43c922f4",
    "orgUuid": "7a375137-1477-4c97-92aa-3ccebfb3707b",
    "config": "{\"outputs\": [], \"periodSeconds\": 60, \"floodThreshold\": 4}"
  }
]