{
  "version": "1.9",
  "name": "ServiceNow (Flow Designer) v2",
  "description": "Trigger flows, initiate alerts, and notify recipients when ServiceNow (Flow Designer) v2 sends a signal.",
  "isActive": true,
  "order": 0,
  "iconOverride": "/static/images/logos/SERVICE_NOW.png",
  "documentLink": "https://help.xmatters.com/integrations/#cshid=ServiceNowV2",
  "documentLabel": "ServiceNow (Flow Designer) v2 workflow guide",
  "originType": "SERVICE_NOW",
  "originVersion": 1,
  "productType": "XM"
}