[
  {
    "baseType": 3,
    "name": "Message",
    "defaultValue": "",
    "description": "Sets the message of the xMatters alert.",
    "helpText": "Enter a message for the xMatters alert.",
    "isSystem": false,
    "minLength": 0,
    "maxLength": 20000,
    "validationRegex": "",
    "isValidate": false,
    "uuid": "d7e89950-e343-4039-8f60-a280aa15c349"
  },
  {
    "baseType": 3,
    "name": "Subject",
    "defaultValue": "",
    "description": "Sets the subject of the xMatters alert.",
    "helpText": "Enter a subject for the xMatters alert.",
    "isSystem": false,
    "minLength": 0,
    "maxLength": 2000,
    "validationRegex": "",
    "isValidate": false,
    "uuid": "93ad97b8-f74d-4072-8dfc-39415d8c40b3"
  },
  {
    "baseType": 21,
    "name": "Task Priority",
    "description": "Set the priority of the ServiceNow task.",
    "helpText": "Select a ServiceNow task priority",
    "isSystem": false,
    "values": [
      {
        "value": "1 - Critical",
        "isDefault": false,
        "isVisible": true
      },
      {
        "value": "2 - High",
        "isDefault": false,
        "isVisible": true
      },
      {
        "value": "3 - Moderate",
        "isDefault": true,
        "isVisible": true
      },
      {
        "value": "4 - Low",
        "isDefault": false,
        "isVisible": true
      },
      {
        "value": "5 - Planning",
        "isDefault": false,
        "isVisible": true
      }
    ],
    "uuid": "253939bb-1eb7-41a6-9a70-b0068767c66d"
  }
]